email,id
meghan33@example.net,609766
wilcoxjimmy@example.net,137151
john44@example.com,596168
williamhill@example.org,774503
shawnsteele@example.com,202929
dtucker@example.net,204277
mccannryan@example.net,508483
gwalker@example.com,576828
jasonmartinez@example.net,173048
monicarobinson@example.net,445957
johnsonmonica@example.org,718909
daniel40@example.net,482810
tonyamartinez@example.net,792926
jessica77@example.net,894169
hharris@example.net,268543
sarah58@example.org,331298
tracy84@example.com,707888
perezstephen@example.org,737076
jackie92@example.com,691053
pbrown@example.net,472377
colleenmurray@example.net,275853
mcdonalddenise@example.org,560175
susan08@example.org,692157
edwarddominguez@example.net,402729
thomas14@example.net,781924
benjamin51@example.net,683570
lancecooper@example.com,549402
bonniefox@example.com,367228
watsonkevin@example.net,348106
parkerreid@example.net,376357
dwebb@example.org,271227
estradatravis@example.net,165722
nlong@example.org,273542
millermichael@example.org,447434
benjamin46@example.org,297803
amandataylor@example.org,452813
jacobsonnicholas@example.com,491009
james30@example.com,858128
jeannegarcia@example.org,393852
jasoncaldwell@example.com,263462
kimberly20@example.org,322624
toddhall@example.net,849045
burnstina@example.net,423430
erose@example.com,240069
pattersonlinda@example.org,260507
hharris@example.com,744345
megan97@example.org,649527
probinson@example.com,584179
tryan@example.org,841437
kbates@example.org,525718
ksmith@example.net,366543
taylorrodriguez@example.org,711483
hreed@example.com,683038
evansjacob@example.com,609688
sheilawatts@example.net,189030
jorge87@example.net,303145
brandon01@example.net,670115
tlawrence@example.net,856812
kyle94@example.org,493656
sbenson@example.org,266944
ssmith@example.net,378016
jeffwalker@example.org,152345
jenniferpace@example.org,239699
jenniferwhite@example.com,232776
brendasmith@example.org,784180
jennylambert@example.org,762155
gomezglenn@example.net,573883
pfoster@example.net,714730
navery@example.com,793859
erikamedina@example.org,670183
esandoval@example.net,297640
timothylawson@example.net,562794
lphillips@example.org,647091
nclark@example.com,368153
patrick83@example.com,236055
molly42@example.com,831265
aaron07@example.org,206690
morgangeorge@example.org,229178
anthonyanna@example.org,643150
kingreginald@example.net,538251
rachelbell@example.org,430211
marie60@example.net,126926
karacook@example.com,174788
morganlinda@example.com,113606
zbennett@example.org,556098
amanda16@example.com,346960
caitlin87@example.net,260196
mmartinez@example.net,697454
brian96@example.com,560614
wilcoxtyler@example.org,641091
fleon@example.net,721900
tammyperez@example.org,307613
jamie15@example.org,696729
lopezmatthew@example.com,640473
smithsamuel@example.com,690744
breanna06@example.net,836953
grahamnoah@example.org,313526
kingvictoria@example.org,748880
ngreene@example.com,342628
debra69@example.org,504497
moniquesutton@example.com,557101
youngkatherine@example.org,178423
michaelchen@example.com,854344
moralesjake@example.net,195374
ian08@example.org,678336
oguerrero@example.net,331140
millertina@example.net,485197
qrhodes@example.com,123248
tammy37@example.org,562569
james25@example.com,249694
waynemiller@example.com,579947
haynesrebecca@example.net,473543
david19@example.com,325005
xsmith@example.net,485340
coreyvaughn@example.com,511946
stephenking@example.com,500631
reginaldkane@example.net,304511
tcoleman@example.com,327700
harriscrystal@example.net,527647
tammyjohnson@example.com,899079
lamtina@example.net,388149
megan22@example.org,293827
selena21@example.org,612104
douglas84@example.com,111802
veronica90@example.org,120080
sheilafoster@example.org,673574
nrichardson@example.org,859386
cbeltran@example.com,734148
william82@example.com,778133
twood@example.com,699421
bryan07@example.com,233507
jmoore@example.com,461579
jlawson@example.org,591831
johnsonerin@example.org,675757
nancy25@example.net,802280
karabowman@example.net,899257
pbaker@example.net,647273
lbrown@example.net,864603
owenstara@example.com,447135
valentinescott@example.org,645665
thompsonashley@example.net,844985
tiffanyhart@example.com,762143
richardsonjason@example.com,538615
cassandrasantiago@example.net,289809
williamslindsey@example.net,812630
mirandawhite@example.com,214024
david63@example.com,145827
george85@example.net,124938
joshua35@example.com,520285
prichard@example.net,826733
qgilmore@example.org,458348
vargasryan@example.net,434781
tallen@example.com,164350
wwhite@example.net,531267
crystalrussell@example.com,146593
andersonlindsey@example.net,425427
ryanbrewer@example.com,738993
edean@example.net,243279
jbenitez@example.com,729824
tammyroberson@example.net,422397
maria59@example.com,433767
hartmansara@example.net,846946
ypowers@example.com,245038
xsmith@example.net,756430
adamslevi@example.net,457354
paula23@example.com,589941
aaron73@example.com,631448
nicholasfox@example.org,229871
xmorris@example.net,601115
lewisjames@example.net,635976
smoore@example.com,160465
gonzalezcrystal@example.com,245690
phelpsjohn@example.com,666829
mary12@example.org,493604
christopher71@example.net,820423
millerjill@example.net,898775
nberry@example.net,407102
debbieschwartz@example.com,253886
angelamack@example.net,769779
glennjohn@example.net,315968
joshuaquinn@example.org,475823
bwarner@example.com,582787
uross@example.org,378430
christopherwilson@example.com,369855
williamsalexandria@example.net,513739
nwilliams@example.org,348582
johnnygarcia@example.net,629320
xbyrd@example.org,191947
qfranklin@example.com,665732
christopherperez@example.com,378457
samantha15@example.org,545556
catherinetorres@example.net,774930
alexander33@example.net,506177
josemullins@example.org,278330
melanie69@example.net,690222
salinasstanley@example.com,314855
jimenezmargaret@example.org,832153
scurtis@example.com,593966
dawn40@example.com,583818
fordjason@example.org,893379
albert50@example.net,801772
ksalazar@example.net,674449
rrose@example.net,275076
ebradley@example.net,431002
shawn72@example.net,749124
brittany03@example.org,304017
owells@example.org,622007
rsmith@example.org,314499
kwhite@example.org,776233
wthompson@example.net,180002
rfowler@example.com,572438
torresfrank@example.com,639680
qwashington@example.org,275322
tyler39@example.org,226141
ruthmartinez@example.com,593243
jennifer72@example.org,858301
tjohnson@example.net,544250
karalittle@example.net,152514
amystevens@example.org,894061
pcox@example.com,525537
vhudson@example.org,620264
regina98@example.com,683531
ashleyjoanne@example.net,397307
lauren02@example.org,831282
melissastein@example.com,656553
alyssaterrell@example.com,770677
hlittle@example.org,299603
villegasleah@example.net,846843
lisa51@example.com,641226
vanessagibson@example.com,512887
thomascharles@example.net,821041
xharvey@example.net,513858
mbutler@example.net,651572
howardjeffrey@example.com,363775
mcampbell@example.net,675748
williamandrews@example.net,565540
thomaspotter@example.net,473588
williamsvalerie@example.com,862614
collinsnancy@example.org,272947
renee77@example.net,736702
jessicaellis@example.com,326396
peterconner@example.com,516424
turnerkathleen@example.org,868896
jeremychapman@example.net,302890
rachaeltran@example.org,391035
matthewfranklin@example.net,612992
harrisbrian@example.com,147983
dherman@example.com,647536
barnettchristopher@example.org,441367
meaton@example.net,667227
drakejohn@example.org,278392
john90@example.com,453635
michelle07@example.com,531290
fgilmore@example.net,871353
coreymyers@example.net,329260
iclark@example.com,605109
christianadam@example.com,713081
jennifer51@example.net,698089
rodriguezrobert@example.com,327124
ntaylor@example.com,100067
jesusramirez@example.com,682417
richard20@example.org,740230
jessica37@example.net,575210
murphybrenda@example.net,401882
migueljackson@example.org,128497
sancheztrevor@example.com,399474
donnaphillips@example.com,662826
kendra26@example.net,711720
lynchphilip@example.net,389646
aguilarmichelle@example.com,123870
monica81@example.org,420564
ayalagerald@example.net,504296
howardrachel@example.org,806773
weavermary@example.org,573316
huertadawn@example.net,190040
xsmith@example.com,563480
margarethoward@example.com,296626
rebekahpierce@example.com,861061
melinda87@example.org,152442
nortonandrea@example.org,608621
sara20@example.com,600642
melissacarter@example.com,856579
kennethgibson@example.net,858626
wrightchristine@example.com,377670
gail17@example.net,240503
ghernandez@example.org,452763
joseph44@example.net,595196
egreen@example.net,689392
samuelkim@example.org,573540
lance86@example.net,364350
loliver@example.net,465302
jamie90@example.com,473032
gbaker@example.com,278712
pamela53@example.com,634643
iwiggins@example.com,470712
loveamy@example.org,625417
fedwards@example.com,593888
ashley50@example.com,721292
gary39@example.net,772482
rthompson@example.com,370132
bowerssteven@example.com,395985
ewilliams@example.org,713810
ashleymiller@example.com,450613
smithbrett@example.org,782630
chasejean@example.com,434537
markedwards@example.com,607846
froman@example.com,519039
jmorris@example.com,881252
arthurhudson@example.net,205609
meyersana@example.net,234193
victormcgrath@example.net,671619
tjones@example.com,688383
jenniferhamilton@example.org,562253
annarosario@example.net,708995
dustinspencer@example.com,157226
owenskimberly@example.com,516060
katie81@example.com,472653
zgordon@example.com,661210
bartlettjessica@example.com,425510
ulawson@example.org,536674
sally96@example.com,149796
monique94@example.net,346499
vanessamorgan@example.org,234133
joshua51@example.net,297269
jenkinsstacey@example.org,699350
dharris@example.net,479952
orivera@example.net,715732
vhill@example.com,282716
amberharris@example.com,807183
vevans@example.net,822098
markpugh@example.net,137709
bkelley@example.net,826824
cberg@example.net,566747
brett69@example.org,537515
ritaortiz@example.net,283998
christopher24@example.org,287232
thomaschristina@example.net,533106
myerswilliam@example.org,764921
wortiz@example.org,425660
emily77@example.net,683598
tmalone@example.org,582761
kerringuyen@example.net,161536
alexander90@example.org,834352
ykennedy@example.com,447940
burtonbrian@example.com,777741
vrobbins@example.org,441248
matthewhoward@example.net,894351
ambersantiago@example.org,291485
paulawhite@example.com,753745
chancock@example.com,412990
kaitlinflores@example.org,413295
aarnold@example.org,604049
ncarlson@example.org,406370
john90@example.com,873390
henryleslie@example.org,428371
moorerobert@example.org,398487
hallmichael@example.net,199133
kimgonzales@example.com,587536
ryanreyes@example.org,213980
millerlisa@example.net,167253
david39@example.com,223010
jimmy40@example.com,163067
timothymoreno@example.com,399222
gene90@example.net,251627
thomassarah@example.com,168240
jeffreymason@example.com,579369
kristinmartinez@example.com,667779
pwilliams@example.org,867496
gary12@example.org,586648
pwatson@example.net,226825
robertsonlaura@example.org,304902
cherylthompson@example.net,693787
susan33@example.net,335877
joelortega@example.com,132761
spatel@example.org,160688
padillaterri@example.com,718945
irwinwesley@example.net,585591
ryanramsey@example.com,271426
michael90@example.net,467654
wduncan@example.net,697124
nwilliams@example.net,133421
rperez@example.com,885541
nzimmerman@example.net,302487
danielsdominique@example.net,606366
manuelherrera@example.com,185031
alexandracox@example.net,568741
smithmelissa@example.net,194103
jdawson@example.net,897870
bullocksteven@example.net,237790
andersonjennifer@example.net,593767
wandavasquez@example.net,862094
jennifercarter@example.org,254127
yduncan@example.net,743603
hwhite@example.com,315327
mcguirejeremy@example.net,683262
smithjose@example.net,149794
pforbes@example.net,457940
matthewstout@example.net,570148
olsongeorge@example.net,206589
wesleysmith@example.net,714896
lrodriguez@example.com,128717
michaelmcneil@example.com,879011
odommichele@example.com,750999
gina02@example.com,800278
richard53@example.net,329812
jamesmurphy@example.org,711282
toddmiller@example.net,875856
kimberly79@example.net,730191
bparks@example.org,356838
wellsrichard@example.net,690315
tford@example.com,820724
josephpreston@example.net,337872
vickie17@example.net,548790
kcampbell@example.org,821377
michael64@example.org,720930
fowlerrhonda@example.net,134277
emcintyre@example.org,563109
brookschristina@example.net,563058
caldwelljohn@example.com,206762
patricia40@example.net,279512
harold56@example.com,128057
huntvictoria@example.com,293257
obrienbrian@example.net,331996
grantbrett@example.org,374002
triciasullivan@example.com,563492
tommygordon@example.org,741215
melinda37@example.com,335457
joneseduardo@example.org,821793
roachmichael@example.com,158875
yharris@example.org,761079
ujimenez@example.com,814255
lhinton@example.com,609257
hdean@example.net,481708
nsanchez@example.net,481245
mooneymark@example.net,678302
randallwade@example.com,829370
gardnerrenee@example.org,215187
jgomez@example.com,683262
debbierobinson@example.org,429288
andersonnicole@example.org,193348
mikewu@example.net,586941
anthonyarnold@example.com,221263
tim55@example.com,315604
todd77@example.com,524319
adampayne@example.com,280321
dgrimes@example.net,753048
alvarezkelly@example.org,488869
moorebryan@example.com,587854
jerry88@example.com,320508
erika13@example.org,714343
arroyojames@example.com,359744
morrisemma@example.com,409098
tammyturner@example.org,750193
debraalvarez@example.com,214291
dixonanthony@example.net,870206
grantmark@example.net,369273
heatherdunlap@example.com,374376
kennedyangela@example.net,189407
judy29@example.com,555799
danny83@example.org,364861
jameslindsay@example.net,733410
kenneth44@example.org,792288
davidfletcher@example.com,851384
adaniels@example.org,410172
wintersmichael@example.com,653447
pmoody@example.net,395034
hansenkevin@example.org,355014
bridgesdebra@example.org,845608
vmurphy@example.net,129135
masontodd@example.org,490258
robert20@example.net,142888
colliertimothy@example.org,204012
tinamoreno@example.com,899886
christina58@example.net,417527
kdodson@example.com,400247
thomastrevor@example.net,610746
sara13@example.org,818933
laura64@example.com,694901
jessicaarmstrong@example.org,868427
kennethreyes@example.org,205023
xhatfield@example.net,745657
gregorygarcia@example.org,752008
lisabrown@example.com,195347
owenkristina@example.org,100798
padillarebecca@example.com,112629
michelle19@example.net,603889
bradfordtodd@example.net,886708
patricia10@example.net,611441
grivers@example.net,506785
ronaldhall@example.com,196039
reginamartin@example.com,640683
jroy@example.net,588973
sextondarrell@example.net,399788
timothy39@example.org,612160
cconrad@example.net,531978
mary32@example.org,119187
bergkathleen@example.com,685784
brandon17@example.net,431903
johnsonkatie@example.net,554354
sorr@example.net,116614
deborahhines@example.org,845102
michaelherrera@example.net,694925
melissa36@example.org,311155
adamruiz@example.org,101729
oliviaedwards@example.com,130691
hector12@example.net,834996
glennaguirre@example.net,892116
maria43@example.net,791025
gibsonsandra@example.com,534681
millerthomas@example.org,466619
derrick58@example.org,876352
kenneth41@example.com,496275
duartemelinda@example.net,721233
stephaniemoore@example.net,120869
gwilliams@example.com,267691
tiffanycantrell@example.com,190830
ochoanicole@example.org,384011
herreravanessa@example.net,283133
mary51@example.net,365750
adam40@example.com,551804
gayronald@example.net,183918
paul47@example.com,431166
hbennett@example.org,770125
rebecca68@example.org,132873
kristen10@example.net,585662
santosnathan@example.net,516074
angela22@example.org,192620
belinda96@example.org,253776
ajackson@example.net,731425
clinton78@example.org,870616
ddavis@example.org,217933
aadams@example.org,116022
smithmelvin@example.net,503141
hillzachary@example.com,345439
haneytiffany@example.org,314476
mliu@example.com,836469
aliciajohnson@example.net,204645
milleramy@example.net,856223
wanda49@example.net,528834
kellysherry@example.net,138658
ymitchell@example.net,758864
tcase@example.org,708033
jessicawright@example.net,478511
rreyes@example.com,228946
nduke@example.net,208151
cisnerospatrick@example.net,113150
ntran@example.org,263756
philip50@example.com,851260
xhudson@example.org,255615
ashleydean@example.net,149548
james84@example.org,140857
ortizangela@example.org,399650
lunavickie@example.net,794257
michellemack@example.com,353979
connie67@example.com,490294
kelly83@example.com,123692
joel65@example.org,165684
millerheidi@example.net,187120
butlerangel@example.net,841622
xgreen@example.net,830852
charles27@example.com,812557
ashleybaker@example.com,137674
collinscindy@example.com,116646
patelscott@example.net,836232
fishersandy@example.net,288773
burtonjane@example.org,742759
kdouglas@example.com,833096
gregorytaylor@example.com,612679
amichael@example.net,831552
thomas11@example.net,415466
geraldterry@example.org,234008
chapmanwilliam@example.org,767069
pacealexandra@example.net,118180
shannon51@example.com,694766
brandon43@example.org,656058
matthewcastro@example.com,853966
albert45@example.org,264055
michaelharris@example.org,290115
schmidtchristopher@example.net,418281
gmccall@example.com,800855
ashleymcdowell@example.com,577746
davidrhodes@example.org,313523
justin77@example.com,307754
williamstaylor@example.org,102020
adkinsjennifer@example.com,214139
justin85@example.com,641026
christinahiggins@example.com,115797
ian43@example.net,125339
churchdouglas@example.net,662332
justin42@example.com,236546
cjackson@example.com,669674
davemontgomery@example.com,642473
richardtorres@example.org,579099
bpena@example.net,835905
megan17@example.org,595050
cindy28@example.org,818776
cooleyjames@example.org,536028
amybowers@example.com,397571
dhuffman@example.com,305347
ronaldfernandez@example.org,801574
lesliemayer@example.com,528331
edwardross@example.net,898970
william73@example.net,358539
brownjoshua@example.net,383071
justin91@example.org,647899
nicole49@example.org,143397
vanessabaker@example.net,293171
taylorallen@example.org,655205
dylanmartinez@example.com,324258
erinsanchez@example.org,679853
lflores@example.com,346056
jamie30@example.net,226852
jasminehernandez@example.net,127432
egonzales@example.net,669412
ocooper@example.net,679554
crystalcollins@example.org,166913
anthony12@example.net,772272
dominique29@example.com,752205
mortonleon@example.org,225270
ashleymclaughlin@example.net,483172
daleshaw@example.net,526287
adamcarroll@example.net,702266
mmiller@example.net,694262
donnahart@example.com,402456
carriegray@example.org,489554
jeffery88@example.org,898289
amanda05@example.net,453746
randymurray@example.com,282956
hhartman@example.com,608003
melissawu@example.com,851256
gparker@example.net,234207
lroberts@example.net,404863
bradynelson@example.org,619645
jamiesullivan@example.net,380655
irodriguez@example.com,440314
justin27@example.net,103641
laurahess@example.com,573275
carriecastillo@example.com,878085
eallen@example.org,340579
rfritz@example.com,542967
morrisonmegan@example.com,542434
christine32@example.com,487488
susan84@example.net,887253
nelsonmaria@example.com,797527
beckerbrandy@example.com,529769
hintonbrian@example.net,284773
hcruz@example.net,838121
yzimmerman@example.org,308111
taylorkendra@example.com,284100
landryscott@example.com,526046
moyerkatrina@example.org,763879
heather82@example.org,675711
bcooke@example.org,717946
emilywilliams@example.net,573508
melissamcneil@example.net,368029
regina73@example.net,535099
vfox@example.com,894495
dylanmckee@example.org,754042
gjacobs@example.com,349781
breannagreen@example.net,251288
smithkrystal@example.net,279139
alejandro51@example.com,218276
jessica28@example.net,585223
hgreen@example.org,372101
andrewking@example.org,600403
lawrencevargas@example.net,398599
steelekristin@example.com,487190
nicolebonilla@example.com,781922
mary84@example.net,168195
jgomez@example.net,879673
zherrera@example.org,559945
meredith15@example.org,641594
isaiah38@example.net,819466
lewiskimberly@example.com,590266
vnelson@example.org,790665
wileyjasmine@example.com,643648
lorettaanderson@example.net,346430
harrisonjennifer@example.org,859266
christopher32@example.net,322891
brianharper@example.com,588070
carolyn51@example.org,365552
xharrington@example.com,463970
barias@example.net,174167
hahnrichard@example.net,189053
emorris@example.com,556405
josephrobertson@example.com,867989
lisa95@example.net,386893
johnmacdonald@example.net,748709
kingandrew@example.net,286007
linda28@example.net,730294
glennwalker@example.net,542866
cbrown@example.net,754051
ericparks@example.com,326488
kruegerdouglas@example.org,876184
pagecathy@example.com,718173
beardcameron@example.net,480892
rwilliams@example.org,301357
duncanvictor@example.org,776537
travisweber@example.com,605598
cynthia56@example.org,746227
andretucker@example.net,442458
yguzman@example.com,118766
leeangela@example.org,440367
rachelsoto@example.net,302640
deborahdavis@example.com,338279
kimberly05@example.org,586362
umcdaniel@example.org,737100
colton84@example.org,231405
washingtonjonathan@example.org,223000
angelalopez@example.com,277171
watsonkim@example.com,789979
benjaminwu@example.org,551204
joseph96@example.org,686436
josephramirez@example.com,248932
jacksonryan@example.org,793945
robert09@example.org,797453
william37@example.org,639503
loweshawn@example.org,381431
hparker@example.org,724595
shannon75@example.com,459657
jacksonbrian@example.net,881529
loribennett@example.org,677052
david37@example.com,663808
brendathomas@example.org,187627
cmurray@example.com,508213
jonesraymond@example.net,872228
robertbell@example.com,116868
smithmichelle@example.org,616135
codysmith@example.com,282801
jnewton@example.com,672579
jason08@example.org,761133
wstone@example.net,292653
simsbrent@example.net,357413
ross65@example.com,259114
usingh@example.org,717724
ryan76@example.com,101120
juan00@example.com,185977
joshua13@example.com,863732
kristinchambers@example.net,649129
frenchdenise@example.net,542799
ashleebryan@example.org,890934
briggsmichael@example.com,109690
andrewnavarro@example.com,209694
erin44@example.net,433645
kelly49@example.net,326145
fbrady@example.net,874625
lori86@example.com,849148
jacksonmegan@example.org,372751
pleon@example.com,289271
kellybenjamin@example.org,877666
alexandradavis@example.com,113838
ufitzpatrick@example.net,686272
seanstanley@example.net,618263
morristracie@example.org,120125
nancy74@example.org,700814
ginalambert@example.net,877442
hernandezmolly@example.org,282369
christopher73@example.net,658075
blairdaniel@example.com,521195
xjimenez@example.com,527459
vargasangela@example.com,137661
sedwards@example.com,579279
charlesshelby@example.com,825561
jasonjohns@example.com,208812
michelle90@example.net,555698
randy44@example.com,411573
sarahjones@example.org,315028
shawnbrooks@example.com,737215
emilytaylor@example.net,417373
wendymiles@example.org,715253
fjames@example.net,419119
wendy69@example.net,764687
vincentwu@example.com,488807
wilsoneric@example.org,152103
april74@example.org,449608
ybarron@example.net,414998
diane33@example.org,422014
mgonzalez@example.org,585795
suzanne29@example.org,818749
scott18@example.org,673590
dking@example.com,369492
crystalsimpson@example.com,444401
regina25@example.com,671580
george39@example.net,373286
kcarrillo@example.com,284252
mcintyreemily@example.org,352086
williamsandrew@example.net,409312
jamesedwards@example.com,419148
xtorres@example.com,806115
julie60@example.com,241144
khanwilliam@example.com,321585
ashleybaker@example.net,698842
xsherman@example.com,696751
xbaxter@example.net,149870
frankwebb@example.net,434575
andersonsean@example.net,417059
aortiz@example.org,483115
ghensley@example.org,763386
cynthia33@example.net,681509
daviestimothy@example.net,746186
harrisjacqueline@example.com,779927
kathrynflowers@example.net,750203
juan79@example.com,493462
raymond87@example.org,824141
qbaker@example.org,447507
caitlinjones@example.org,555258
karen28@example.com,512007
jackking@example.net,208738
ryan64@example.com,575313
gburke@example.org,397818
xmiddleton@example.net,137830
xsteele@example.com,627966
xdiaz@example.org,501701
longtravis@example.com,345347
doughertyaimee@example.net,740289
hernandezkimberly@example.org,761579
mphillips@example.org,687636
cjames@example.com,302045
charlottebailey@example.net,483618
robert45@example.net,392002
allison57@example.org,444564
bretthamilton@example.net,270420
kathrynlarson@example.org,583518
stacy99@example.com,801499
parkerstephanie@example.net,577248
curtischandler@example.com,761017
jonesjoshua@example.com,364619
upierce@example.com,820184
ryanmorris@example.net,287174
hscott@example.org,135825
erogers@example.org,503275
ryan65@example.org,259312
guerrerojason@example.com,445290
williamstony@example.com,750236
vancebrittany@example.org,223397
matthew64@example.com,236145
johnsontiffany@example.com,424935
victoria95@example.net,223609
qwiley@example.org,176131
renee35@example.net,366545
dicksonjoseph@example.net,351852
chaneyrodney@example.com,344091
karenhansen@example.org,877232
wcarpenter@example.com,813393
maryriddle@example.com,201659
ericmontoya@example.org,421297
lwilliamson@example.com,190571
lawsonthomas@example.net,149360
kjohnson@example.com,369211
katherinearellano@example.org,242006
thomaskristi@example.net,668932
jessenelson@example.com,405967
jerry54@example.org,627058
ldunn@example.net,383366
kpowers@example.net,432191
mfranklin@example.org,179734
freyeric@example.com,435772
amyduran@example.com,867226
kayla80@example.com,183842
michaelrichard@example.org,748224
stephaniebowman@example.org,252958
john80@example.com,565415
samuel94@example.net,724352
sean28@example.com,369641
zachary03@example.org,707977
garciaandre@example.com,741186
taracook@example.com,641593
ivan32@example.net,442473
yjones@example.com,586368
fuentestheresa@example.net,490450
reynoldscharles@example.com,516874
michael06@example.net,689631
joy37@example.org,165444
curtisfrazier@example.net,845252
darren53@example.org,306430
opalmer@example.net,334848
matthew47@example.com,839459
cheryl87@example.org,492932
megandavis@example.com,449296
stephensonmelissa@example.com,199030
morganlaura@example.org,334974
nhughes@example.net,753938
robert48@example.com,405179
michaelkidd@example.org,379719
fandrews@example.net,127117
gonzalesmary@example.org,483024
mariokelly@example.org,429701
lisa56@example.com,824610
qthomas@example.org,372540
ystone@example.net,429564
qmosley@example.net,283678
katherinedonovan@example.com,571333
frandall@example.com,186911
tharrison@example.org,799633
ghinton@example.com,385037
ipeterson@example.com,598331
dwaynecastaneda@example.net,764144
james67@example.com,771230
kkidd@example.net,237656
sreyes@example.org,379357
charlesswanson@example.org,463852
iford@example.net,524505
jamierodriguez@example.com,135133
fking@example.com,243871
emily89@example.net,185045
yvaughan@example.net,742445
briancruz@example.org,505385
williscatherine@example.com,679365
aholland@example.net,857726
cindystewart@example.org,517879
andreagomez@example.com,152121
caseyadam@example.net,157643
nicholsonerika@example.com,807193
hinesjennifer@example.net,897839
maldonadosteve@example.net,279917
walkerwarren@example.net,457850
samuelhill@example.net,441468
mossmiguel@example.net,231468
montgomerybarbara@example.org,865410
lawrence92@example.org,262024
kwatkins@example.org,165570
timothy41@example.net,620382
everettdavid@example.net,776874
englishbrianna@example.net,279641
kingeric@example.org,679470
tmccormick@example.net,765177
paul07@example.com,736892
kim85@example.net,795894
sarawilliams@example.org,790685
tammy83@example.org,410929
cpatel@example.org,445627
baileycolleen@example.org,312923
robert83@example.net,150563
hendersonkimberly@example.org,481142
stevenkline@example.org,336100
jsnyder@example.com,366069
brandychan@example.net,731626
haynesnathan@example.org,219422
jose87@example.net,835000
jasonbond@example.org,366001
travismathews@example.net,453768
harperalan@example.org,870922
bdavis@example.org,480391
rcruz@example.net,249225
tracy56@example.org,725469
katherinemorris@example.net,743030
danielle28@example.net,118099
danielortega@example.net,639195
powelljanet@example.org,295924
morganshirley@example.net,503653
paulsanders@example.net,843293
xryan@example.org,665608
andersonmindy@example.net,126554
ogutierrez@example.com,769859
johnsonlaura@example.net,782823
williampetty@example.org,209830
patricia36@example.com,531942
andrebenjamin@example.net,108280
jessica10@example.net,507687
nicholasrodriguez@example.com,309794
vherman@example.org,867989
rubenwhite@example.com,477749
smithderek@example.org,810590
jamesrosario@example.com,329371
alexandriahodges@example.org,771486
travis32@example.net,246275
meganmartin@example.com,425402
richardjensen@example.net,140727
dmaxwell@example.org,785735
sosawilliam@example.com,544175
lhudson@example.net,558909
christopherbailey@example.com,822533
miguelorr@example.net,304295
phillipsgregory@example.net,410557
mallory72@example.net,476488
mary75@example.org,202523
mooresarah@example.net,191519
ycummings@example.net,488451
garciaerin@example.com,247209
stephaniediaz@example.com,497398
caitlynortiz@example.org,468820
brandi55@example.net,724099
carol69@example.org,382843
zamoraselena@example.com,446817
rachel01@example.net,835728
wchang@example.com,247698
kstephens@example.com,266728
joseph35@example.com,735681
donald97@example.org,705908
stephanie37@example.org,154027
hernandezscott@example.net,610004
mcdanieldanielle@example.net,205590
markbutler@example.net,241907
heatherjones@example.com,673052
james23@example.net,310007
imorales@example.org,328934
elizabethharvey@example.com,118739
rjohnson@example.net,265216
kathrynwhite@example.net,161999
jonesbrian@example.net,232981
pjackson@example.net,335655
patricia29@example.net,668662
salasbrian@example.net,198960
goodmanjames@example.net,672287
srichards@example.org,122866
deannabird@example.com,692316
jamesarnold@example.org,518958
johnwood@example.net,843120
carolyn64@example.org,447936
miranda61@example.org,228019
amymonroe@example.com,869761
martinezkeith@example.net,770632
carlagrant@example.net,472447
ryanfranklin@example.com,167689
angela01@example.com,883212
emily98@example.net,675397
markbarry@example.net,241159
raymond44@example.net,875135
davisbenjamin@example.com,259921
perkinsjames@example.net,818551
chaneyanne@example.org,414243
torreswilliam@example.org,608644
jenniferhammond@example.com,345690
curtisbonnie@example.org,625234
andersonrobert@example.org,529758
robert34@example.org,717827
charles48@example.com,455229
paul60@example.com,443630
erika99@example.com,163997
wmalone@example.net,463616
wolfekimberly@example.org,673390
williammyers@example.org,548451
jamesdiaz@example.com,895462
kbrown@example.com,869774
pattondebra@example.org,813110
walterhamilton@example.net,814536
susan36@example.net,743316
christopher05@example.org,773089
ijohnson@example.com,711304
sdoyle@example.com,222144
rodriguezjennifer@example.org,758953
samanthaarnold@example.net,782043
ahernandez@example.net,545840
jennifer74@example.org,271378
bbrandt@example.com,425868
nathaniel71@example.net,283448
victorcole@example.com,850961
scott92@example.net,871125
salazarkatherine@example.com,800135
shaun53@example.org,436807
annamartinez@example.org,462233
atkinsonmark@example.com,826441
wspencer@example.net,170752
smithadam@example.com,301698
melissa99@example.com,842510
daviskimberly@example.org,167228
davisjane@example.com,766220
dthompson@example.com,779010
troyschultz@example.com,754415
shanerivera@example.org,670702
ycraig@example.com,538731
wilsonjeremy@example.com,614094
faguilar@example.com,424005
ruth92@example.com,696951
ericphillips@example.com,353706
kevin91@example.com,475695
patrickwilliams@example.com,571284
wolfashley@example.org,386568
tle@example.org,898144
wmunoz@example.net,181517
brianna94@example.org,359409
fpena@example.org,658978
crawfordrichard@example.com,693158
kylemejia@example.net,520248
scottwilliam@example.com,283735
stuartwilson@example.org,673381
karina80@example.com,379349
barnesshawn@example.com,307868
gchavez@example.com,393869
danielgordon@example.net,884927
pbeltran@example.com,753560
morozco@example.com,578029
coxsamantha@example.net,512586
chavezjerome@example.net,876877
johnreyes@example.net,617988
norrisnicholas@example.org,203036
cole99@example.net,239394
gwalton@example.com,230303
amontgomery@example.net,407560
gina96@example.com,706514
jason22@example.com,429218
brian73@example.net,248398
adamslisa@example.net,628405
sarah87@example.com,870783
ghernandez@example.org,703160
hickmanandrea@example.net,656722
wfisher@example.com,596344
barbaraserrano@example.net,727992
qsandoval@example.net,288497
mtucker@example.org,426383
pevans@example.net,631097
jjenkins@example.org,639160
stephanie82@example.org,743862
walshmary@example.org,401526
brittanycurry@example.org,829309
kendra65@example.org,287810
schwartzdeborah@example.net,371259
kelly20@example.net,505882
rwilcox@example.net,268814
heather33@example.org,828999
harry29@example.org,611575
vargasedgar@example.net,721129
gballard@example.com,135249
tmontes@example.net,491202
epowell@example.net,351566
hansensharon@example.net,563119
olsenandrew@example.net,748110
mariagutierrez@example.org,596950
marcher@example.org,187864
hamiltonsarah@example.com,475912
hdominguez@example.org,416013
shannonkrueger@example.net,341743
laurawebster@example.org,746241
robertwilliams@example.org,661763
qbaker@example.org,305252
cynthiareed@example.org,810776
christina81@example.com,349558
kathleen01@example.com,125283
alexandernguyen@example.com,478579
terrence98@example.org,284037
jeffreyray@example.com,860729
paul40@example.org,315204
wrightshannon@example.net,437634
vsingh@example.com,468266
webbjustin@example.net,481225
torresamber@example.org,827095
wilsonbrandon@example.net,180856
robertchapman@example.net,160454
lrichards@example.com,714358
zachary21@example.org,240087
wpeck@example.net,756186
nelsondaniel@example.net,779795
courtneygonzales@example.org,219935
obest@example.com,422502
mileslaura@example.net,507570
hillmichelle@example.org,179036
mirandaparker@example.net,333907
yolanda07@example.net,737182
omcgrath@example.net,761267
aprilsmall@example.org,433768
fsanchez@example.net,250405
jonessarah@example.org,593127
cabreramartin@example.org,299499
bsmith@example.net,620292
christophermartinez@example.org,434208
pamelachristian@example.org,552266
vaughandennis@example.net,639367
gboyle@example.com,543692
christophercruz@example.net,500324
obrienjason@example.com,735173
tsanchez@example.net,773322
lhenry@example.com,797736
hwalker@example.org,633557
jill45@example.net,837496
tylergray@example.org,208604
barbara31@example.org,224328
tammy19@example.org,156520
michaelscott@example.com,373941
lmccormick@example.org,368666
joshua43@example.net,741622
lambertrobert@example.org,377955
aprice@example.net,545180
cynthiawilkins@example.org,132428
julielewis@example.org,191065
sarahbates@example.com,473902
bcoleman@example.net,227127
robin31@example.com,458908
raymondcampos@example.org,129598
andrea97@example.org,739158
seanbaird@example.org,586592
rogersshawn@example.org,222043
gregorytrujillo@example.com,241461
davidluna@example.com,825295
jessicageorge@example.org,581264
pzimmerman@example.org,464783
zmontgomery@example.org,484635
trantroy@example.net,351108
garymiller@example.net,259612
hendrixdiane@example.net,514632
rachelthompson@example.org,564413
robinclark@example.net,763530
zcarter@example.org,218827
wrightamy@example.com,418849
chapmanveronica@example.org,345426
jamesconner@example.com,170419
amandakennedy@example.org,569318
donnaowens@example.org,488326
deborahstanley@example.org,720672
alopez@example.net,611365
lorettalee@example.com,338841
lisa91@example.org,147062
brendabuchanan@example.com,172045
icarpenter@example.org,438936
allison67@example.org,339339
wnorman@example.com,256071
brandy57@example.net,196358
hayeswendy@example.com,586259
james22@example.com,300476
robinsonjeffrey@example.com,236972
jwarner@example.org,332571
jacobnguyen@example.org,573951
amberduran@example.org,864068
warren90@example.com,537254
shelby05@example.org,804671
josemoreno@example.net,480228
fball@example.net,194002
xwhite@example.com,390671
nmccoy@example.net,153418
anthony14@example.org,635442
robert57@example.net,210122
noahhardin@example.net,530368
andreawhite@example.com,695698
edwardfletcher@example.net,665095
dstone@example.net,578003
qsmith@example.net,682871
huangchelsea@example.com,457251
umaldonado@example.org,225943
pcontreras@example.org,564161
christopherhamilton@example.com,411481
derrickle@example.org,352421
charlesgarcia@example.net,397512
vnelson@example.net,713694
zallen@example.org,862012
llopez@example.com,168115
kbrewer@example.org,380387
michaelneal@example.com,219284
bellemma@example.org,169560
gambleyvette@example.net,303585
melissa68@example.net,437569
george89@example.net,506558
scottdorsey@example.com,886252
bbowen@example.org,807204
marcuspena@example.com,517853
jstanley@example.net,198430
tammy86@example.com,209693
nyoung@example.org,652438
ellenaguilar@example.com,575440
cjohnson@example.org,670925
ilewis@example.org,401340
ashleyrichards@example.com,147869
alexandraflores@example.com,679545
christensentina@example.org,270989
andrewharris@example.com,871838
ejones@example.net,263757
johnsonamy@example.net,344654
lisa30@example.com,353353
sarahwatts@example.com,165177
wrivera@example.net,797481
copelandjennifer@example.net,713912
glenda40@example.com,452494
veronica08@example.org,739199
grace44@example.net,771622
bakergabriela@example.com,432897
joelhenderson@example.org,608215
zsnyder@example.net,702470
suzanneross@example.org,832069
kellyholmes@example.net,868911
aheath@example.org,108116
robertsjessica@example.org,479622
rodriguezchristopher@example.com,168455
lamheather@example.net,630512
sherry47@example.net,531074
jamesjackson@example.org,367551
deanna90@example.net,318939
andreschultz@example.org,647588
rossjames@example.com,572104
csmith@example.org,316820
wilsonlaura@example.org,819438
hbaker@example.net,504831
janet34@example.com,725223
jimmy36@example.org,579447
smithmary@example.com,578086
sherrilopez@example.org,431279
hughesjulie@example.com,328240
sherrypeterson@example.com,848639
christina82@example.org,380713
bryceowens@example.org,438420
johnsonderrick@example.com,815262
sandrasherman@example.org,288723
jennifer21@example.net,436129
fostercassie@example.org,508976
kfrazier@example.org,278586
bwilliams@example.org,195188
bgordon@example.com,727236
travislong@example.net,657697
josephmolina@example.com,369524
booneheather@example.org,249922
asanchez@example.org,618556
arthurcox@example.net,870081
eanderson@example.org,375450
preston11@example.org,694280
iwagner@example.org,704735
amandamiller@example.net,462874
nicole94@example.net,359884
chandlerelizabeth@example.com,879456
brittneyneal@example.com,811395
yjames@example.org,801937
brooksjessica@example.net,884641
reedjennifer@example.org,483884
kochdana@example.com,172314
morsecatherine@example.net,732036
collinsellen@example.com,109180
ashley10@example.com,233642
hollyedwards@example.com,349724
seanwilson@example.com,203917
millerdustin@example.net,116249
stephanierivera@example.com,436668
francescarson@example.com,746301
dennis56@example.com,538005
yvette91@example.net,857232
janice81@example.net,450410
stephanie15@example.com,512872
kelly00@example.net,440746
ryan22@example.com,192317
stephenwinters@example.net,306962
gomezkaitlyn@example.com,241590
ovang@example.com,320216
collin43@example.net,693168
walterlisa@example.com,233041
katherine32@example.com,403043
michael99@example.org,592067
jennifer48@example.net,367275
jamesparker@example.org,718022
peterjohnson@example.com,827151
amy24@example.com,473159
daniellewis@example.net,506475
paynejoseph@example.com,412718
susanthompson@example.com,768044
bradshawemily@example.net,311107
thester@example.com,304180
ricemichelle@example.net,791063
tberger@example.com,715613
millerchristine@example.com,472990
turnerjanet@example.org,494174
laurieadams@example.com,479635
smithamanda@example.com,683888
tony40@example.net,782421
gordoncurtis@example.com,571175
elizabethbeasley@example.net,234554
mcculloughronald@example.org,203774
robertpope@example.net,868794
mwatkins@example.org,680058
nicole69@example.org,860387
omurray@example.com,462066
xharris@example.net,347819
mariamcbride@example.net,271821
jenniferthompson@example.org,181288
valerie08@example.net,408814
vanessahanson@example.org,643735
schultzbarry@example.org,637782
montesrachel@example.com,288808
whester@example.org,486723
kthompson@example.com,768988
patrickbobby@example.org,684248
alvaradojoseph@example.org,848815
pward@example.com,206658
jamescosta@example.com,471429
jennifer57@example.com,624358
denise25@example.net,646296
wadams@example.org,593578
leachadam@example.net,783523
christinavargas@example.org,746951
staffordkimberly@example.net,349232
daniellefrench@example.net,106424
amanda70@example.com,681341
xnolan@example.net,626030
fpeterson@example.com,443504
vanessabrown@example.net,417256
amandagordon@example.org,361912
townsendjason@example.net,374018
ellengreen@example.net,226479
mcguiredarren@example.net,473210
ann83@example.com,739662
andrewmurphy@example.org,333477
mckinneyjoseph@example.org,757892
wilkersonelizabeth@example.com,379692
ltanner@example.org,444258
kelleymegan@example.net,367784
brandon12@example.org,789774
xsnyder@example.com,813225
rivascharles@example.net,173034
corey02@example.net,469277
david78@example.com,217077
bschultz@example.com,292690
jramirez@example.net,387973
kathryn23@example.net,536237
gregory00@example.org,204155
jasminewalters@example.com,675057
mark29@example.com,283252
wendymckay@example.com,780393
christinasullivan@example.org,738645
hooverjesse@example.com,503802
staceysmith@example.org,341724
holmesjaclyn@example.com,162564
omason@example.net,462227
deborahhuynh@example.com,574392
sarahrodriguez@example.org,294195
rosekennedy@example.net,570352
tgibson@example.org,134669
youngrobert@example.org,673215
wendyharvey@example.net,559604
ealvarez@example.net,787239
allenpatel@example.org,743941
robertwilliams@example.com,279276
kevin49@example.com,762114
amanda01@example.org,273894
chadmeyer@example.org,739704
darlene07@example.net,665876
sandrahodge@example.net,341548
amber08@example.com,483539
ncortez@example.com,385004
dominiquecallahan@example.net,747834
gmccoy@example.org,472885
mcdonaldjesse@example.net,253804
elove@example.net,294039
brettdavenport@example.com,896933
nathan26@example.net,237458
gloverjohn@example.org,275331
nicholas62@example.com,732011
masonsmith@example.net,753976
hferguson@example.com,129680
william53@example.org,885536
leeshannon@example.org,247715
zaguilar@example.com,449610
warrenanthony@example.org,541331
ramirezheidi@example.com,419505
jessica11@example.net,744215
alexandriathomas@example.net,842339
bpetty@example.com,139834
markbryant@example.com,690506
jacobbush@example.org,128871
powelldebra@example.com,650964
awilson@example.com,776772
veronicamcbride@example.net,594214
perryerin@example.org,695425
zachary55@example.net,455123
davidsonmanuel@example.org,777425
dsmith@example.net,120859
wadeamber@example.net,628711
davidmendez@example.org,550540
brandondavila@example.net,596036
cheryl94@example.net,200654
michael22@example.org,462538
eweber@example.org,680690
tara67@example.com,506042
hjennings@example.org,257068
serranojessica@example.com,601860
baileymoore@example.com,279912
montoyavictoria@example.com,735030
amberhayes@example.com,796439
kimberlywebster@example.com,458813
eric06@example.org,314445
kellymarshall@example.com,693182
gomezsarah@example.org,749931
sanderslaura@example.net,656935
james53@example.org,765188
andrewnewton@example.org,789288
amiles@example.net,638864
maria97@example.com,329145
robynhernandez@example.net,456650
josephbrandon@example.com,462234
johnathanmcknight@example.net,723806
cookkyle@example.org,521817
bwilliams@example.com,725471
tclark@example.net,138207
davidclark@example.org,852266
jason21@example.net,834944
rbaker@example.com,884098
robert05@example.com,312446
hprince@example.net,524337
margaret10@example.org,844453
david90@example.com,366997
vnicholson@example.net,854315
ushields@example.org,691499
danielmacdonald@example.com,538179
jeanbrown@example.com,837601
michelleschmitt@example.com,319214
jsmith@example.com,670625
juliagoodman@example.com,813736
jacobsjeremy@example.com,876974
dsmith@example.net,236939
martinrobert@example.net,291985
darrellmoore@example.net,187048
martintiffany@example.net,358171
kerri91@example.org,420535
lward@example.net,412635
davidjim@example.com,541750
lewispamela@example.net,549933
elliskarl@example.com,488451
stephanie46@example.org,275283
valeriebennett@example.com,426485
william07@example.com,554275
paynechristopher@example.net,766007
vchristian@example.net,686905
michael03@example.com,238261
jose51@example.net,772244
webbcarlos@example.com,229816
hfowler@example.com,860183
jennifer26@example.org,630660
racheldaniels@example.org,376596
floresaaron@example.org,660988
qroberts@example.com,287045
brettlee@example.com,257250
llynch@example.net,897712
carlosfranklin@example.com,286446
sergiogilbert@example.com,559367
sprince@example.com,295540
greenshawn@example.org,732492
colleen78@example.com,400494
perkinsamber@example.org,866617
fullerdylan@example.net,238131
andrew15@example.net,643686
thompsonmary@example.com,443242
sierra32@example.net,521582
douglasruiz@example.org,132027
slarson@example.net,798056
robert24@example.net,502583
jeanette15@example.net,857356
ualexander@example.com,679694
sandraross@example.org,475751
christopher19@example.org,748618
alexanderkristie@example.com,246359
andreastone@example.org,715221
robert17@example.com,265497
richard42@example.com,436901
brittanyhorn@example.com,101903
eshaw@example.org,860253
matthew11@example.com,142773
ana61@example.net,638943
brandon35@example.com,821184
daniel42@example.com,462811
dawnmedina@example.com,256070
benjaminjefferson@example.org,273643
lozanoelizabeth@example.net,671336
jessica08@example.com,190068
shane76@example.org,310415
stephaniesalazar@example.net,523090
ahall@example.net,552287
john84@example.com,158355
xmason@example.com,593607
vparker@example.com,520168
michael05@example.com,828803
leedavid@example.org,355008
proctorsharon@example.net,364631
amber68@example.com,459633
gregoryjames@example.com,320706
bthomas@example.org,181350
jacquelinehansen@example.org,761823
daniel47@example.net,399602
deborah70@example.net,363475
joshuaevans@example.org,613688
brittanybradley@example.org,194669
jthomas@example.org,184210
stuartcarol@example.org,809061
graydavid@example.net,239140
masonwilliams@example.net,642226
sguerrero@example.com,104712
jacksonlucas@example.net,539486
pmercado@example.net,217382
ichristian@example.com,119265
harrisonwilliam@example.com,120605
erin69@example.com,346997
angellee@example.net,483289
valdezvictor@example.org,825497
priceshelby@example.net,128742
ramirezjennifer@example.com,496883
michael43@example.com,119649
bstanton@example.com,756856
brandoncolon@example.com,325144
pearsonemily@example.net,451120
wilsonwalter@example.com,679928
amy37@example.com,801989
craiggonzalez@example.net,783068
stevencross@example.com,519190
michelle94@example.org,282323
martinezlaura@example.org,299669
kevans@example.net,587005
angelarivera@example.org,124630
jclayton@example.net,608692
ashelton@example.com,119772
tlynn@example.com,691348
harrisjuan@example.com,886231
edward06@example.org,769607
matthew83@example.com,115325
richardwaters@example.com,837415
anthonyhenderson@example.org,612341
igillespie@example.org,865445
perezlynn@example.com,113100
ngill@example.org,375432
crawfordian@example.com,240618
johnmejia@example.net,883070
travispope@example.net,169970
nathanpatel@example.org,840232
rodney43@example.net,653098
thomas20@example.net,212829
stephanie52@example.net,462454
sarah34@example.net,229062
johngay@example.net,251917
kurt51@example.com,754248
eshepard@example.net,718857
michele03@example.org,874108
whouston@example.org,876003
juan65@example.org,436113
huntrobert@example.net,759552
pamela34@example.org,809797
darlene67@example.net,599209
olsonchristie@example.com,372960
pmolina@example.com,312167
lisa81@example.org,588120
mfox@example.net,430924
chad47@example.com,830767
bjones@example.org,447362
biancamartin@example.net,385109
dorothyrogers@example.net,893713
mackenzieclark@example.net,458016
holtjeremy@example.net,392356
lawsonchristopher@example.org,126712
darrylking@example.com,271083
marktanner@example.org,439348
ellissusan@example.com,423923
liuroberto@example.net,700866
rthompson@example.com,183862
benjaminespinoza@example.org,651254
pbridges@example.net,557532
blakemaria@example.org,343825
suzannequinn@example.org,286430
hsmith@example.net,105527
jonesgary@example.org,584039
richardtodd@example.com,169366
cjackson@example.com,756039
frank86@example.org,106721
carriemartinez@example.net,521369
karen92@example.net,878661
benjamin14@example.org,778512
dmcdonald@example.org,630599
kylecruz@example.org,413741
janet04@example.org,114348
lwest@example.org,531028
christensenjames@example.org,198588
lgarcia@example.net,341529
juliawilson@example.net,773141
kathleen29@example.org,236000
townsendlee@example.org,613737
nguyenspencer@example.com,187929
lauren78@example.org,767751
jacqueline41@example.net,119880
lchavez@example.com,650225
tball@example.net,584141
scott06@example.com,491590
hlucas@example.net,548987
gdowns@example.org,389513
elizabeth79@example.net,431703
rpowell@example.com,429079
santiagojessica@example.net,673672
carolyn75@example.net,601484
gwendolyn59@example.net,451398
paulpatterson@example.net,215431
emarquez@example.com,468790
wilsonashlee@example.com,710006
lee88@example.com,189733
diane97@example.net,732222
michelle11@example.org,420834
jhouse@example.net,178976
luke83@example.com,394866
astephens@example.org,837440
jessica14@example.org,785604
ckerr@example.org,727820
ckelley@example.org,398673
zmoore@example.com,356206
meredith92@example.com,547842
philip42@example.net,702891
brenda66@example.net,391791
ghancock@example.com,577384
farmercharles@example.com,157713
nbrown@example.net,144821
matthew21@example.com,758510
seanlindsey@example.net,322969
jeremy64@example.net,389181
johnsonjohn@example.org,729439
dixonterri@example.net,444864
manningamy@example.net,357783
nyoung@example.org,622917
kellybarron@example.net,732233
hawkinspatricia@example.net,229693
zachary71@example.com,726056
sylvia49@example.com,274016
fsmith@example.net,121598
gomezpaula@example.org,413176
dduffy@example.com,144243
andrewbanks@example.com,199590
bradleymorris@example.com,362123
dwaynebrown@example.org,197756
ericksonrobert@example.org,603577
petersenphillip@example.org,661608
patrick63@example.com,741750
matthew58@example.com,390423
burkedanielle@example.org,700958
scottmiller@example.org,789789
jennifer32@example.org,496918
uperez@example.net,867660
clarkkathryn@example.org,648060
tracygraham@example.net,476090
ian42@example.org,434418
haileycoleman@example.net,356834
jmitchell@example.com,325748
shannon97@example.net,602371
troyhopkins@example.org,883989
kmyers@example.com,432496
mcgeealexis@example.net,471804
sabrinageorge@example.com,431671
mathewsnatasha@example.net,552132
amoody@example.net,497617
richarddavis@example.org,336301
mary59@example.com,339370
jessebarnes@example.com,761127
eandrews@example.org,218976
flowerspaula@example.com,737725
qnixon@example.org,654481
gonzalezphilip@example.com,732215
josephjones@example.net,597771
tking@example.org,879398
staceybecker@example.org,201228
davidrodriguez@example.com,650446
erikjenkins@example.org,301758
rodney34@example.net,352010
obrienjuan@example.com,173504
daniel00@example.net,773254
martinezcourtney@example.org,771093
cmiller@example.org,124288
darryl67@example.org,177061
hebertjames@example.org,355381
christopherhurst@example.net,816891
shernandez@example.org,265452
mollyramirez@example.net,297962
herreranatasha@example.net,816160
michele94@example.net,357990
nelsonpeter@example.org,634685
kimberly62@example.org,256589
caldwellwilliam@example.com,645164
knightroberto@example.org,646928
christina08@example.com,347694
robertgray@example.net,431278
epittman@example.net,487268
ianedwards@example.net,363910
glenn65@example.com,852651
joshuabass@example.net,587057
briansmith@example.org,831840
thompsonluis@example.net,810671
markcook@example.org,620868
bartonrachel@example.net,516073
schroedereric@example.net,488077
jonathanholt@example.net,783849
qwalters@example.net,755160
fisherpatricia@example.net,587616
michaela28@example.net,576056
edwardsclinton@example.org,290537
chenmike@example.org,783869
jamesbailey@example.net,543916
marygamble@example.org,746995
georgeelizabeth@example.net,153351
skinnerdaniel@example.com,275059
flloyd@example.net,768032
mwest@example.net,477810
logan64@example.net,784426
monicanielsen@example.com,662020
bmyers@example.com,814383
vanessa54@example.com,231568
tlyons@example.net,688497
rbrown@example.com,651592
lori98@example.com,460030
jonesthomas@example.com,547645
heatherroth@example.net,235630
wmcmahon@example.org,235238
julie00@example.org,127599
hernandezjillian@example.org,399418
michael20@example.com,835473
lisa92@example.org,274042
hbaker@example.net,192578
lweber@example.org,120588
nsingh@example.net,881378
ashley90@example.org,301312
ztran@example.net,205897
beverlywilliams@example.com,544583
troy80@example.org,715768
ndavidson@example.com,889880
kbell@example.net,112841
jamesmcconnell@example.net,889452
allenlisa@example.com,819850
fstevenson@example.org,819622
paulcollins@example.org,121367
rjohnson@example.org,642113
dbender@example.net,578896
ywhite@example.net,175139
dunndaniel@example.net,563729
bonnielee@example.org,213595
richard16@example.com,369559
ericward@example.net,387016
riveratodd@example.net,339606
mmeyers@example.org,406672
williamsrobert@example.com,584363
qjones@example.com,401773
bsanders@example.org,237599
heather98@example.net,378427
christina11@example.com,676360
nhays@example.com,700147
tleach@example.net,574386
taylorcynthia@example.org,796079
morganbeth@example.net,444962
jonescolton@example.net,254762
thomasadams@example.com,861194
michael35@example.net,821077
robin87@example.net,737936
ortizanthony@example.net,313835
rmarshall@example.org,828529
bbuchanan@example.net,786903
qacevedo@example.org,833969
yfoster@example.net,821028
emilythomas@example.net,315261
thomas15@example.com,648643
eramsey@example.org,755523
castrocatherine@example.com,351462
jeanetteknapp@example.com,305658
stanley87@example.org,469353
deleonryan@example.org,712549
robert23@example.net,726429
pflores@example.org,786072
chavezkatherine@example.net,147773
james62@example.com,619248
jessicaschmidt@example.com,491851
chadlewis@example.com,446528
natasha39@example.com,880230
sharonhorton@example.net,641699
patriciasparks@example.com,258339
nicolemorales@example.com,429988
elizabethrobinson@example.com,232078
brooke90@example.net,887278
wgrimes@example.com,154419
douglasmaureen@example.com,281503
fschultz@example.net,318613
taylordiane@example.net,409060
catherinewilliams@example.org,743092
curtishouston@example.net,476509
kennethzuniga@example.net,779737
fmcguire@example.org,141990
jonesmatthew@example.org,415946
arthuralvarado@example.org,327968
gparker@example.net,719827
marie27@example.org,152257
jtyler@example.net,514069
smithbrittany@example.com,535372
hlopez@example.net,571147
moorepeter@example.com,475652
murraychristina@example.net,162044
valeriewilson@example.com,383922
nathan74@example.org,779414
julianrobinson@example.org,725963
stacy92@example.com,170521
emartinez@example.net,209354
johnsonmary@example.net,772269
valenciachristopher@example.org,128604
rodriguezaaron@example.org,492177
johnmartinez@example.com,667411
rodriguezpamela@example.org,750396
schultzkimberly@example.org,457912
jasonanderson@example.org,893837
rcunningham@example.net,798541
wrightsarah@example.net,314428
cwilson@example.net,750519
wdavis@example.org,852528
yperkins@example.com,795371
jennifer55@example.com,669326
lopezjulie@example.com,158520
jeffreyhernandez@example.net,456165
gmoore@example.com,894166
gwalters@example.net,693868
afisher@example.org,256705
trevorpeterson@example.com,296394
steventorres@example.net,470333
wandawu@example.net,449792
brittanyjackson@example.net,366537
matthewgonzalez@example.org,642047
donaldshort@example.net,154653
debrawilliams@example.org,357383
vjoseph@example.com,792950
dakota26@example.net,233153
misty86@example.net,729731
pfitzgerald@example.org,329731
beardchad@example.com,757992
adam19@example.org,635283
jimmywoodward@example.com,564192
wfreeman@example.com,884721
kgrant@example.net,783871
xnguyen@example.net,397901
haydenreynolds@example.org,848392
eddie00@example.com,746909
adrian76@example.net,472060
larry97@example.org,749474
patriciarogers@example.com,363184
nicoleturner@example.org,370756
wthomas@example.net,730219
schwartzanna@example.org,280628
michaelhunter@example.com,849769
pgomez@example.org,535425
peggy40@example.org,337546
hmejia@example.net,203433
afischer@example.com,689790
lewiskaren@example.net,252819
riveraanna@example.net,232173
zacharywyatt@example.com,441937
tamara99@example.org,544466
michellecallahan@example.com,318553
seanedwards@example.net,126588
acostaderek@example.org,157619
fullerjaime@example.net,706881
timothyreed@example.net,309262
mthomas@example.org,501793
cummingstom@example.com,549516
davidsonkelly@example.net,792543
douglas83@example.org,877284
johnstonsue@example.com,494096
lance71@example.com,502578
kara48@example.org,846848
danielle70@example.org,874347
amberwood@example.org,279368
roy80@example.org,602458
warnold@example.org,850924
debrawong@example.com,629166
jacksonjacob@example.net,250533
marie11@example.net,186948
mwebb@example.org,258482
gjackson@example.org,649643
michaelhunter@example.net,340926
diananeal@example.com,803934
ortegamartha@example.com,216673
jacob58@example.net,806869
tannerkenneth@example.net,817705
chadwilson@example.org,431158
boylerandall@example.net,103249
melissataylor@example.net,258837
ncooper@example.org,329021
matthew89@example.org,764725
frank36@example.org,277371
shelleygould@example.org,200166
pryan@example.org,531815
jeremypoole@example.com,678287
jennifer76@example.org,298125
rpatel@example.net,285354
nataliebrown@example.com,342254
patrickshort@example.com,182517
maywilliam@example.com,301292
vjackson@example.org,101281
julie91@example.com,562467
jennifercook@example.org,254489
hwilkins@example.net,275943
christina67@example.net,764592
lcombs@example.com,342611
teresamckenzie@example.org,327572
daniel60@example.com,454620
susanboyer@example.net,275244
sararivers@example.net,703332
sgonzalez@example.net,321351
smithtina@example.com,669116
williamskristin@example.org,656172
mercerandrew@example.net,279042
romeropamela@example.com,594637
jonathan54@example.org,589014
mackangelica@example.com,670992
wlee@example.org,356587
rdoyle@example.org,792794
steven93@example.net,342386
wbennett@example.org,634740
john17@example.net,633063
fdavis@example.com,658853
lellis@example.com,467834
tracy00@example.net,433360
jameskaitlin@example.net,109292
douglasjeffrey@example.com,438846
nathaniel42@example.org,772317
nicoleortega@example.com,772564
adamscody@example.com,723334
jamesacosta@example.com,323343
mrussell@example.org,770593
krista21@example.com,619243
anthonycarroll@example.com,766762
sharpheather@example.net,506325
joshuamarshall@example.net,137406
torresmichael@example.com,758835
jeremy15@example.net,252673
james22@example.net,861751
oknight@example.net,739546
