1,Ратибор,"ст. Сургут (Хант.), наб. Лермонтова, д. 54, 795591",8 166 795 84 45,3
2,Алексей,"п. Жигулевск, бул. Республиканский, д. 1/4 к. 1, 022842",8 (230) 215-61-44,4
3,Нинель,"д. Троицк (Челяб.), бул. Пожарского, д. 77 к. 5, 920754",8 250 744 7509,3
4,Глафира,"д. Двинской, пр. Куйбышева, д. 2 стр. 4/6, 749656",+7 602 263 58 94,2
5,Евфросиния,"д. Лысьва, наб. Юности, д. 4, 478693",8 (946) 765-5886,1
6,Сильвестр,"ст. Вязьма, ш. Макарова, д. 16 к. 86, 452976",+7 (698) 425-3781,4
7,Автоном,"ст. Якша, пер. Лунный, д. 5 стр. 17, 457781",+70027025234,4
8,Эмиль,"г. Переславль-Залесский, пер. Партизанский, д. 45, 798130",+7 007 325 4311,3
9,Герман,"с. Зеленогорск (Ленин.), ул. Ватутина, д. 155 к. 6, 553555",+7 (066) 957-82-17,2
10,Варфоломей,"г. Тырныауз, наб. Инженерная, д. 778, 771051",82387061407,2
11,Трифон,"клх Усинск, ш. Февральское, д. 9/3, 764473",85040928357,5
12,Фаина,"к. Невьянск, пер. Ручейный, д. 4/9 к. 234, 591941",+7 993 069 63 98,5
13,Софон,"д. Суздаль, пер. Машиностроителей, д. 938 стр. 6, 312043",8 (629) 684-39-20,1
14,Милен,"д. Новомичуринск, ул. Лазурная, д. 32 к. 6/5, 597687",+74247874049,3
15,Самсон,"ст. Бугульма, ул. Одесская, д. 27 стр. 290, 143375",8 (741) 091-17-97,2
16,Денис,"п. Бронницы, наб. Ветеранов, д. 430 стр. 62, 909305",+7 432 916 75 61,3
17,Евстигней,"к. Подольск, пер. Коммунаров, д. 4/4 стр. 9, 469943",8 (258) 972-58-74,5
18,Петр,"д. Чайковский, наб. Ленинградская, д. 53 стр. 179, 699434",8 162 606 48 61,3
19,Эмиль,"д. Долинск, ул. Ясная, д. 973, 330338",8 (061) 929-96-89,2
20,Симон,"д. Бологое, ул. Семашко, д. 4/3 стр. 628, 897825",+7 (292) 024-1006,1
21,Устин,"д. Хужир, бул. Слободской, д. 2, 923610",+7 (421) 122-07-90,1
22,Валентин,"клх Звенигород, ул. 40 лет Победы, д. 187, 173188",8 (347) 172-9839,1
23,Гостомысл,"г. Череповец, ш. Сиреневое, д. 20 стр. 62, 051843",8 (617) 405-12-72,4
24,Амос,"ст. Радужный, ул. Добролюбова, д. 89 стр. 4, 483822",8 (266) 831-32-82,1
25,Тамара,"п. Данков, алл. Коммунальная, д. 1/4 к. 5, 131828",8 (663) 813-44-07,4
26,Никодим,"п. Дагомыс, алл. Песчаная, д. 8, 554613",8 504 309 1124,3
27,Ростислав,"г. Нефедова, бул. Панфилова, д. 2, 095942",+7 (100) 823-85-61,4
28,Венедикт,"ст. Железногорск(Курск.), пер. Тракторный, д. 4, 151734",+7 611 740 4525,3
29,Аполлон,"к. Осташков, ул. Пожарского, д. 74 к. 9, 534577",+7 (551) 179-21-97,4
30,Дарья,"г. Александров Гай, алл. Блюхера, д. 7, 276707",+7 (944) 078-71-75,2
31,Парфен,"г. Мурманск, алл. Плеханова, д. 2/5 стр. 82, 628026",+7 168 865 3293,2
32,Ярослав,"ст. Нефедова, алл. М.Горького, д. 483, 940274",88702754504,4
33,Савелий,"г. Тихвин, ул. Степная, д. 68 к. 4/1, 374752",+74637313191,4
34,Владимир,"п. Сорочинск, алл. Механическая, д. 5/7 к. 160, 636439",8 (265) 541-79-58,2
35,Александра,"к. Ряжск, ул. Республиканская, д. 210 к. 8, 926241",85497129984,5
36,Лора,"к. Чита, пр. Хвойный, д. 18 стр. 6/8, 516860",8 817 244 18 67,4
37,Парфен,"клх Якутск, бул. Механический, д. 783, 092565",+74770352429,4
38,Олег,"ст. Верхний Баскунчак, пер. Автомобилистов, д. 769, 697382",+7 333 921 1610,4
39,Михей,"к. Нефедова, алл. Ульяновская, д. 633 к. 147, 620076",+7 423 278 6687,3
40,Януарий,"с. Поронайск, ул. Лунная, д. 268, 676532",8 (454) 771-2779,1
41,Евлампий,"ст. Казань, бул. Славянский, д. 8 к. 2/6, 031655",8 411 251 5700,2
42,Ерофей,"г. Королев, пер. Промышленный, д. 1/5 стр. 98, 048908",+7 487 778 71 25,5
43,Евгения,"клх Оленек, ул. Матросова, д. 666, 734159",8 332 175 0872,2
44,Чеслав,"п. Кострома, наб. Петровская, д. 591, 958042",+7 (935) 832-5683,4
45,Иосиф,"с. Моршанск, бул. Ватутина, д. 868 стр. 1/7, 210289",8 771 676 7350,1
46,София,"г. Кырен, наб. Каштановая, д. 6/9, 588565",+7 919 246 62 10,4
47,Вероника,"клх Темрюк, пр. Элеваторный, д. 1, 401213",+7 484 158 5951,4
48,Герасим,"п. Агата, пер. Гончарова, д. 712, 438573",+76036899209,1
49,Прокофий,"п. Старая Русса, ул. Февральская, д. 8 к. 28, 924753",+7 446 690 2924,1
50,Парамон,"с. Юрьев-Польский, пр. Химиков, д. 8/2 к. 3, 141924",87729107428,2
51,Христофор,"с. Рубцовск, пр. Черемуховый, д. 4, 483247",8 (896) 009-6791,1
52,Каллистрат,"ст. Оймякон, ш. Энергетиков, д. 93, 050951",+7 464 083 5005,4
53,Анжела,"п. Алапаевск, алл. Октябрьская, д. 7/2 стр. 269, 552525",8 (667) 377-8779,4
54,Владлен,"д. Быково (метеост.), ул. Максима Горького, д. 4, 130240",86099562536,5
55,Климент,"д. Кашира, алл. Комарова, д. 66 стр. 67, 437961",+7 269 398 33 51,1
56,Николай,"к. Мирный, ул. Халтурина, д. 656 к. 268, 969729",+7 858 237 4696,5
57,Ия,"п. Чокурдах, пер. Отрадный, д. 811 к. 891, 523488",+7 (933) 251-14-31,4
58,Максимильян,"клх Витим, алл. Белорусская, д. 3 к. 95, 929941",8 (332) 585-4831,5
59,Дорофей,"г. Югорск, алл. Заозерная, д. 4/9 стр. 7, 663317",+7 928 042 6996,4
60,Галина,"ст. Игарка, бул. Садовый, д. 1/2, 906053",+7 (501) 791-84-66,2
61,Феликс,"д. Кижи, ул. Февральская, д. 8, 999130",8 066 093 55 34,2
62,Ефрем,"к. Ербогачен, наб. Терешковой, д. 97, 680093",8 606 893 8814,4
63,Епифан,"д. Туруханск, наб. Троицкая, д. 8/1, 102184",+7 (007) 386-7601,5
64,Кира,"г. Уфа, пер. Болотный, д. 282 стр. 74, 911430",+7 (238) 423-6732,4
65,Матвей,"г. Троицко-Печорск, алл. Космическая, д. 194 к. 2, 025500",+73603594474,4
66,Любим,"ст. Алагир, наб. Черняховского, д. 6, 784437",+79466943764,2
67,Карп,"ст. Муром, алл. Клары Цеткин, д. 89 стр. 8, 502378",+7 (760) 940-31-26,4
68,Егор,"д. Петухово, бул. Болотный, д. 1, 741767",+7 (355) 087-4174,4
69,Геннадий,"с. Дубна, ул. Бригадная, д. 3 к. 91, 298298",8 (727) 154-3584,4
70,Тарас,"ст. Минеральные Воды, пер. Герцена, д. 580 к. 2/3, 322280",+7 544 765 3882,3
71,Милен,"ст. Балашов, ул. Просторная, д. 61 стр. 3, 900982",8 (192) 251-2097,5
72,Евпраксия,"с. Нарткала, алл. Азовская, д. 121, 731898",8 (759) 187-45-81,1
73,Арсений,"д. Устюжна, пр. Алтайский, д. 8/7 стр. 7, 841178",+7 543 598 8812,1
74,Октябрина,"п. Уссурийск, наб. Степная, д. 65 к. 64, 259889",8 285 362 0736,1
75,Викторин,"д. Луга, наб. Волгоградская, д. 9/8 к. 988, 642965",8 (536) 805-23-52,4
76,Мефодий,"к. Нурлат, наб. Карбышева, д. 6/7 стр. 28, 133583",+7 (968) 739-75-63,1
77,Фрол,"г. Белореченск, пер. Березовый, д. 3/7 к. 775, 770977",+7 (132) 741-08-74,4
78,Лавр,"п. Бологое, наб. Ветеранов, д. 338 к. 4, 931991",+74638649816,5
79,Александр,"д. Петухово, бул. Дружба, д. 58, 986556",+7 (637) 096-9968,3
80,Радован,"п. Биробиджан, ул. Шишкина, д. 48 стр. 88, 648789",89533747336,5
81,Аникей,"ст. Амдерма, наб. Новостройка, д. 73, 894490",+7 904 370 49 84,3
82,Лука,"п. Курск, пер. Белинского, д. 6 стр. 3/4, 416510",+7 (206) 307-3951,1
83,Глафира,"ст. Карабудахкент, алл. Коллективная, д. 25 к. 65, 994810",+72714835830,3
84,Лора,"ст. Ухта, пер. Енисейский, д. 4/2, 743999",8 (686) 368-1296,2
85,Демид,"ст. Саров (Морд.), наб. Кузнечная, д. 8/8 стр. 2, 164778",8 (703) 517-1020,4
86,Фаина,"г. Эльтон, пр. Терешковой, д. 5, 432257",+7 (121) 851-37-05,4
87,Изот,"ст. Нальчик, пер. Путевой, д. 26 к. 9/1, 406959",+7 (391) 606-21-40,3
88,Самуил,"с. Нижневартовск, пр. Ломоносова, д. 80 стр. 674, 770036",8 435 494 73 74,4
89,Панкратий,"к. Назрань, алл. Красногвардейская, д. 651 стр. 7/3, 662778",8 (597) 263-8017,2
90,Александра,"д. Чикола, алл. Славянская, д. 389 к. 2/3, 438275",+7 (250) 081-6387,1
91,Пантелеймон,"д. Новый Оскол, ул. Космодемьянской, д. 76 к. 4/8, 590871",8 912 228 2499,1
92,Радислав,"п. Токма, бул. Коммуны, д. 2/8 стр. 1/9, 445890",8 (867) 531-20-31,4
93,Алла,"п. Кедровый, ш. Жданова, д. 6/3, 281500",87761830817,4
94,Мартьян,"к. Североморск, пер. Учительский, д. 788 стр. 57, 176961",8 421 875 6906,5
95,Потап,"п. Невинномысск, ш. Семашко, д. 2/4, 040183",+7 (191) 471-7426,4
96,Гаврила,"г. Муравленко, алл. Клары Цеткин, д. 6/5 стр. 2/8, 843192",8 843 809 86 20,2
97,Милен,"с. Оймякон, ш. Азина, д. 35, 932050",8 (960) 685-56-00,3
98,Кузьма,"с. Зеленогорск (Ленин.), пер. Огородный, д. 5 к. 28, 714273",+77087421198,1
99,Симон,"с. Усинск, пр. Морозова, д. 195 к. 3/9, 755763",8 387 243 4167,3
100,Парамон,"ст. Тура, пер. Чапаева, д. 682 стр. 45, 896681",8 030 118 29 68,3
101,Аникита,"к. Нижнекамск, ш. Блюхера, д. 532 стр. 4/3, 767658",+7 477 192 5672,5
102,Феврония,"с. Магас, пер. Партизанский, д. 9/1 стр. 9/6, 883467",+7 282 060 64 44,4
103,Феврония,"д. Находка, ш. Прибрежное, д. 5 к. 14, 228897",8 261 278 03 19,1
104,Мирон,"с. Рубцовск, ул. Прибрежная, д. 87 к. 771, 387799",8 (995) 137-87-66,5
105,Ксения,"г. Санкт-Петербург, ш. Высотное, д. 4, 012761",+7 912 510 69 27,5
106,Сила,"ст. Шаховская, пр. Разина, д. 7, 545249",+7 617 000 1930,3
107,Клавдий,"г. Котлас, пер. Степана Разина, д. 9 стр. 999, 602609",+7 (456) 555-1489,3
108,Мокей,"к. Шуя, бул. К.Маркса, д. 7/4 стр. 9, 617909",+72999332823,2
109,Лора,"п. Дзержинск, ул. Черноморская, д. 842, 771984",8 (833) 782-62-73,2
110,Станимир,"клх Усть-Ишим, алл. Короленко, д. 35 стр. 8/4, 863026",+7 (021) 454-83-27,1
111,Селиверст,"к. Пинега, пер. Комсомольский, д. 60 стр. 6/8, 887106",+7 (657) 845-5668,1
112,Агафья,"к. Листвянка (Иркут.), алл. Шахтерская, д. 5 к. 2/3, 520554",+7 254 611 87 17,2
113,Руслан,"клх Холмогоры, наб. Луначарского, д. 8, 912959",+7 (600) 322-6795,2
114,Милен,"п. Нягань, бул. Льва Толстого, д. 57, 593899",+7 (340) 489-5775,1
115,Валентин,"клх Анадырь, бул. Ленский, д. 6/1 стр. 8, 477088",+7 (183) 196-09-20,5
116,Мечислав,"к. Ахтубинск, пер. Березовый, д. 35, 801178",8 (545) 346-0851,2
117,Адам,"д. Верхнее Пенжино, пер. Степана Разина, д. 68 к. 9, 725519",8 (338) 183-9437,5
118,Марфа,"к. Руза, пер. Рылеева, д. 71, 479055",84788970015,5
119,Вячеслав,"г. Ульяновск, ш. Шолохова, д. 3/5 к. 554, 968550",+7 467 852 83 14,3
120,Кир,"ст. Снежногорск (Мурм.), пер. Гагарина, д. 6/2, 345255",8 (165) 318-04-81,3
121,Пантелеймон,"клх Бологое, пр. Владимирский, д. 682 к. 79, 103362",8 606 661 91 05,1
122,Любовь,"п. Усть-Баргузин, пер. Целинный, д. 1/9 стр. 3, 933932",+7 (269) 396-31-57,1
123,Гаврила,"клх Яр-Сале, наб. Пригородная, д. 4 к. 3, 171290",+72598438492,1
124,Ратибор,"п. Туапсе, пер. Воровского, д. 2, 419496",+7 (526) 728-49-00,5
125,Панкрат,"г. Зарайск, пер. Розы Люксембург, д. 736 к. 27, 831709",+7 948 493 71 49,4
126,Синклитикия,"п. Тихорецк, пер. Фестивальный, д. 77, 431800",8 (949) 296-6276,3
127,Кирилл,"г. Усть-Ишим, наб. Подлесная, д. 9 стр. 7/3, 162920",80105668759,1
128,Игорь,"с. Дубна, ул. Студенческая, д. 36 стр. 7/8, 068967",8 (189) 347-02-50,5
129,Феоктист,"ст. Енисейск, бул. Бригадный, д. 498, 899114",+7 026 456 38 35,3
130,Леонид,"клх Крымск, пер. Мая 1, д. 7 к. 7/5, 866696",8 729 382 97 21,3
131,Савелий,"ст. Лянтор, наб. Геологическая, д. 3 стр. 2, 078576",+7 (428) 942-3183,1
132,Феофан,"п. Талдом, пер. Калинина, д. 6 к. 5/3, 351802",+7 (494) 246-17-85,3
133,Петр,"клх Ершов, пр. Красноармейский, д. 1/2 к. 3/3, 965808",8 (380) 819-06-43,4
134,Ладимир,"клх Качканар, алл. Маяковского, д. 9, 228815",+7 (390) 737-06-05,5
135,Наркис,"с. Чермоз, ш. Линейное, д. 1/9 стр. 6, 009478",+7 170 763 5489,5
136,Климент,"д. Сунтар, алл. Таежная, д. 2 к. 5, 643412",+7 (639) 457-99-03,3
137,Алина,"к. Макушино, пр. Осипенко, д. 897 к. 2, 963994",8 (126) 457-12-25,5
138,Майя,"д. Усть-Джегута, бул. Кузнецова, д. 17, 004042",8 960 202 4223,1
139,Лонгин,"п. Новый Оскол, алл. Степана Разина, д. 7 стр. 840, 275658",8 510 760 84 98,2
140,Рубен,"д. Ряжск, алл. Придорожная, д. 465 стр. 2/3, 205646",8 (373) 257-62-01,2
141,Феврония,"ст. Аршан (Бурят.), наб. Льва Толстого, д. 62, 873242",8 (596) 151-59-44,4
142,Ираклий,"с. Дивногорск, бул. Новосельский, д. 8/9 стр. 8/7, 089438",8 (722) 120-92-38,5
143,Карп,"п. Владикавказ, ул. Терешковой, д. 60 стр. 1/4, 832932",+7 489 396 3983,1
144,Амвросий,"п. Чусовой, алл. Шишкина, д. 839, 981567",8 688 340 88 46,1
145,Кирилл,"к. Малая Вишера, алл. Запорожская, д. 610, 852480",+7 (343) 114-8580,4
146,Якуб,"п. Гатчина, ул. Седова, д. 8 стр. 60, 483980",8 829 483 44 74,1
147,Олимпиада,"г. Ульяновск, ш. Широкое, д. 3, 205656",8 (699) 584-49-27,2
148,Климент,"к. Усть-Баргузин, наб. Радужная, д. 64, 335746",8 217 823 3587,1
149,Архип,"с. Томпа, бул. Металлургов, д. 9 стр. 267, 428519",8 694 953 42 26,2
150,Гордей,"с. Нижний Тагил, алл. Карла Маркса, д. 3, 360596",8 006 331 98 47,4
151,Ермил,"п. Токма, ш. Рязанское, д. 5, 007519",8 155 589 4485,5
152,Моисей,"ст. Сосьва (Хант.), пр. Хвойный, д. 68 к. 6, 475094",8 (508) 617-0955,4
153,Валентин,"ст. Валаам, алл. Урожайная, д. 5 стр. 9, 365036",+79506988384,3
154,Анатолий,"с. Шарья, ш. Коммунальное, д. 14 стр. 3/3, 822756",+7 (950) 545-8334,2
155,Демид,"клх Плесецк, бул. Слободской, д. 13 к. 19, 198212",80394672438,1
156,Гедеон,"клх Неплюевка, пр. Дорожников, д. 7, 472411",8 087 228 49 06,4
157,Адам,"ст. Северо-Курильск, алл. Никитина, д. 5/5 стр. 1, 633334",8 (854) 115-8427,4
158,Фортунат,"ст. Самара, наб. Элеваторная, д. 39 к. 440, 455283",8 539 075 8916,1
159,Карп,"к. Челябинск, наб. Индустриальная, д. 39, 413446",+7 (740) 383-58-66,3
160,Ипполит,"п. Яхрома, наб. Минская, д. 2/6 стр. 263, 599919",8 (736) 936-2655,4
161,Светозар,"д. Киренск, пер. Кооперативный, д. 47 стр. 30, 638916",8 760 534 76 88,2
162,Адриан,"п. Мезень, пер. Промышленный, д. 8 к. 468, 423424",8 (107) 912-59-97,4
163,Аникей,"к. Зеленоград, ул. Степана Разина, д. 654 к. 560, 406751",8 029 717 51 74,4
164,Вера,"д. Аргаяш, алл. Путейская, д. 6 стр. 694, 025217",8 757 557 2938,1
165,Николай,"д. Ногинск (Моск.), ул. Пригородная, д. 9, 439387",+7 325 829 2005,2
166,Харитон,"д. Троицко-Печорск, пер. Хуторской, д. 849 к. 7/6, 130537",+7 445 097 03 54,3
167,Галина,"клх Ноябрьск, бул. Гаражный, д. 22 к. 7, 828279",+7 (584) 297-5931,1
168,Агафья,"клх Саров (Морд.), пер. Прибрежный, д. 2/7, 313865",8 (897) 865-26-97,2
169,Дементий,"с. Гудермес, ш. Максима Горького, д. 6/1 стр. 59, 890958",8 (792) 363-96-40,4
170,Богдан,"д. Белореченск, наб. Аэродромная, д. 160, 166339",8 766 264 7606,1
171,Демид,"д. Сунтар, пр. Степной, д. 7 к. 6, 465831",+70158902611,5
172,Светозар,"г. Кажим, бул. Солнечный, д. 7 стр. 53, 438254",+7 332 709 78 81,4
173,Вышеслав,"ст. Ессентуки, ул. Революционная, д. 914, 451275",8 (506) 699-75-03,2
174,Прокл,"п. Соболево, пер. Путейский, д. 1 к. 9/3, 956912",+74586086487,1
175,Алла,"клх Оймякон, наб. Коммунистическая, д. 78 стр. 6/9, 468747",8 (958) 078-30-11,1
176,Кира,"ст. Буйнакск, ул. Коммунистическая, д. 46 к. 4/8, 333081",+7 (166) 835-93-72,3
177,Валентина,"к. Адлер, ш. Отрадное, д. 911 стр. 463, 340341",8 (043) 867-83-10,4
178,Мартын,"д. Железногорск(Курск.), ш. Пирогова, д. 1 стр. 77, 302071",+7 (850) 243-40-39,2
179,Вячеслав,"к. Красноселькуп, ш. Азина, д. 6/9, 734080",8 816 324 66 96,1
180,Мирослав,"д. Алексин, ул. Портовая, д. 40, 754964",+7 260 153 27 92,4
181,Эмиль,"к. Вуктыл, пер. Отрадный, д. 436, 668249",8 585 292 3676,3
182,Исидор,"г. Кыштым, ул. Огородная, д. 3, 250676",8 003 823 3479,4
183,Галактион,"г. Апатиты, алл. Покровская, д. 49 к. 1/4, 099983",8 (365) 914-0296,2
184,Вера,"к. Дагомыс, ш. Нижнее, д. 9/7 стр. 6/7, 440127",8 (169) 117-2180,1
185,Антонина,"с. Ясный (Оренб.), алл. Культуры, д. 74 к. 392, 388534",+7 960 181 17 51,2
186,Симон,"к. Шали, пер. 30 лет Победы, д. 178 к. 21, 924528",+77354531300,3
187,Екатерина,"ст. Миасс, ш. Лунное, д. 8 стр. 5/8, 516654",8 534 421 06 06,1
188,Агафья,"п. Семлячики, пр. Карьерный, д. 4/3, 117864",+7 570 188 84 20,5
189,Михаил,"с. Тимашевск, ш. Ермака, д. 7 стр. 84, 190627",+75402994818,4
190,Самсон,"п. Валаам, бул. Матросова, д. 8/8 стр. 1, 865881",8 (911) 958-3559,5
191,Юрий,"ст. Верхний Баскунчак, наб. Радищева, д. 32 к. 80, 900841",+7 (570) 210-07-70,3
192,Лариса,"г. Таганрог, пр. Хвойный, д. 8/8, 497803",+7 622 011 40 47,2
193,Клавдия,"к. Магадан, ул. Раздольная, д. 4 к. 9/1, 522510",8 707 032 82 92,3
194,Никифор,"с. Курильск, ш. Советское, д. 59, 457188",8 (637) 921-27-07,1
195,Ладимир,"клх Шенкурск, наб. Черемушки, д. 77, 449232",+7 744 998 1089,4
196,Светлана,"д. Дудинка, алл. Загородная, д. 436 к. 6/7, 780422",8 (376) 862-18-57,1
197,Автоном,"ст. Троицк (Челяб.), алл. Полевая, д. 6 к. 51, 996883",+7 721 814 3360,3
198,Вероника,"г. Ельня, наб. Российская, д. 7, 642088",8 (118) 469-17-74,4
199,Харлампий,"д. Морозовск, алл. Бабушкина, д. 312, 099348",8 780 155 64 46,5
200,Вероника,"д. Касимов, алл. Металлистов, д. 945 стр. 8/8, 750579",+7 (603) 571-93-55,5
201,Марина,"п. Ноглики, ш. Тупиковое, д. 53, 590368",+74124950014,4
202,Силантий,"п. Тамбов, ул. Овражная, д. 8/9 стр. 5/3, 255549",8 340 557 2423,4
203,Лонгин,"п. Кузнецк, наб. Дальняя, д. 6/8 к. 826, 597942",+7 (327) 094-2539,1
204,Зиновий,"п. Верхний Уфалей, бул. Павлика Морозова, д. 388 к. 7, 671272",+73993904082,1
205,Дементий,"к. Тобольск, ул. Белинского, д. 73 к. 992, 358649",8 961 781 1875,1
206,Антип,"с. Магнитогорск, алл. Слободская, д. 2/3, 700037",8 (466) 297-16-98,3
207,Маргарита,"д. Добрянка, ул. Енисейская, д. 8/9 к. 235, 840222",8 749 970 0699,1
208,Максимильян,"с. Осташков, пер. Тамбовский, д. 8/6, 092460",8 988 545 5326,3
209,Дарья,"к. Шаховская, алл. Смоленская, д. 8/7 стр. 152, 361882",86310814293,5
210,Фирс,"п. Рыльск, ш. Транспортное, д. 471, 658029",8 310 742 27 40,5
211,Никандр,"с. Лысьва, наб. Л.Толстого, д. 85 к. 561, 149704",+7 (078) 283-9515,1
212,Мокей,"с. Назрань, алл. Войкова, д. 919 стр. 33, 871390",+7 (596) 857-2034,3
213,Фока,"к. Снежинск, алл. Снежная, д. 3 к. 3, 186395",8 (149) 811-6497,4
214,Юрий,"с. Казань, алл. 9 Января, д. 935 к. 8/3, 832080",8 (449) 128-01-58,2
215,Евстигней,"с. Середниково, пер. Средний, д. 67 стр. 9/9, 626957",+7 (357) 792-6505,4
216,Василий,"к. Токсово, пр. Минина, д. 9, 159887",+7 668 918 0789,2
217,Ксения,"ст. Воткинск, ул. 8-е Марта, д. 51 стр. 56, 105484",8 813 942 75 82,1
218,Милий,"с. Волгодонск, бул. Макарова, д. 305 стр. 3, 225552",+73089708176,1
219,Платон,"к. Корсаков, алл. Рязанская, д. 85, 978520",+7 (110) 662-7016,5
220,Лавр,"к. Клин, ш. Студенческое, д. 167 стр. 553, 242487",+7 080 548 9012,5
221,Руслан,"с. Благовещенск (Амур.), пер. Кутузова, д. 366, 339480",+76409416717,5
222,Святополк,"с. Хатанга, пр. Беляева, д. 915 стр. 2/1, 693868",+79752536575,3
223,Никита,"к. Калуга, ул. Белорусская, д. 9 стр. 1, 591305",8 596 914 1010,1
224,Ефрем,"д. Тольятти, бул. Тракторный, д. 6, 522201",8 375 741 66 25,1
225,Гостомысл,"к. Джейрах, пер. Физкультурный, д. 9/9 стр. 337, 444382",+76461731977,4
226,Агафон,"к. Плесецк, алл. Авиационная, д. 74 к. 9, 140185",8 153 123 77 30,4
227,Фадей,"клх Усть-Камчатск, бул. Транспортный, д. 5/4 к. 37, 249426",87591590365,2
228,Прохор,"ст. Когалым, ул. Партизанская, д. 2/8 к. 82, 747483",8 506 670 93 22,1
229,Денис,"п. Мытищи, ш. Свердлова, д. 548 к. 3/3, 994711",+7 829 517 25 49,4
230,Милован,"д. Биробиджан, алл. Троицкая, д. 4/1 стр. 957, 654769",+7 166 402 85 57,2
231,Нестор,"п. Тула, ул. 30 лет Победы, д. 174, 632238",+7 892 896 06 44,1
232,Агап,"ст. Хужир, алл. Надежды, д. 7/4 к. 5/8, 061465",8 788 183 26 72,1
233,Алла,"клх Змеиногорск, бул. Флотский, д. 5, 353371",8 (160) 698-0058,2
234,Егор,"г. Лабытнанги, бул. Тюленина, д. 879 к. 437, 898903",80405092227,2
235,Николай,"ст. Певек, пер. Севастопольский, д. 656, 373013",+7 (831) 170-4358,1
236,Данила,"д. Верхний Уфалей, бул. Дорожников, д. 8/5 стр. 1, 182796",+7 384 155 64 91,2
237,Вера,"п. Печенга, пер. Черемуховый, д. 84, 753698",+7 (387) 320-12-82,4
238,Варлаам,"клх Алагир, наб. Станиславского, д. 3/2 к. 2/1, 971578",+7 406 034 7211,1
239,Терентий,"д. Йошкар-Ола, наб. Разина, д. 54, 149982",+7 063 901 24 20,4
240,Вениамин,"г. Апрелевка, ш. Гайдара, д. 5 к. 39, 471898",8 609 160 92 40,5
241,Никандр,"г. Лотошино, алл. Энтузиастов, д. 4/1 к. 2, 210536",87970232279,5
242,Аникей,"с. Комсомольск-на-Амуре, алл. Кутузова, д. 5 к. 2/7, 876790",+7 037 783 06 24,1
243,Тимофей,"д. Мирный, пр. Запрудный, д. 17 стр. 38, 119101",8 895 380 69 40,3
244,Радован,"д. Джейрах, ул. Ленская, д. 188, 906870",+7 825 899 7297,4
245,Карп,"д. Псков, алл. Высоковольтная, д. 5/6, 539521",8 (842) 685-68-42,5
246,Антонин,"к. Красноселькуп, ш. Папанина, д. 7/4, 500611",+7 (115) 532-0123,4
247,Софрон,"клх Чокурдах, бул. Семашко, д. 25, 983847",8 (811) 813-27-43,4
248,Исидор,"к. Холмогоры, ул. Азина, д. 866, 360354",+7 (277) 542-02-09,2
249,Наталья,"к. Старая Русса, алл. Буденного, д. 2, 441304",+7 (330) 263-83-71,3
250,Агап,"ст. Бирск, пер. Советов, д. 5 к. 24, 313464",+79355736792,4
251,Никандр,"п. Видное, пр. Тепличный, д. 5, 284942",88415608315,1
252,Исидор,"д. Темрюк, ул. Солнечная, д. 6/6 стр. 9/9, 244218",+7 (629) 502-43-11,3
253,Илья,"с. Кунгур, бул. Лесозаводский, д. 1, 401861",+7 (921) 096-07-79,3
254,Игнатий,"клх Внуково (метеост.), пр. Мусы Джалиля, д. 4 к. 19, 230176",8 (244) 573-88-69,5
255,Радован,"д. Батайск, ул. Надежды, д. 5, 705113",8 (373) 009-4273,1
256,Анисим,"г. Нефтекамск, наб. Профсоюзная, д. 2, 486826",+7 (438) 600-90-76,5
257,Ладислав,"п. Ржев, пер. Малиновый, д. 6 к. 6/3, 364895",8 504 499 6247,2
258,Август,"д. Стрежевой, пер. Краснофлотский, д. 5/1 стр. 337, 346724",84734779466,5
259,Марина,"с. Псебай, алл. Нагорная, д. 2 к. 5/5, 762480",8 278 815 75 47,2
260,Ольга,"к. Нарым, пр. Мелиораторов, д. 210 к. 62, 831521",81317649336,5
261,Пахом,"п. Джейрах, ш. Кирова, д. 7/6 стр. 685, 637297",+7 200 917 27 94,3
262,Евлампий,"клх Слюдянка, наб. Краснопартизанская, д. 23 к. 7/6, 784724",8 918 172 9056,3
263,Таисия,"д. Лабытнанги, пер. Белорусский, д. 3 стр. 8, 544344",+7 (163) 076-28-30,4
264,Гедеон,"к. Сунтар, пер. Лесхозный, д. 4/8, 539313",+7 756 496 53 16,1
265,Глафира,"с. Бугуруслан, бул. Нижний, д. 332, 001813",8 482 280 3401,1
266,Симон,"д. Домодедово, наб. Кочубея, д. 770 стр. 199, 243199",+79747278096,4
267,Фаина,"с. Шелагонцы, бул. М.Горького, д. 878, 797288",+7 (081) 843-6863,5
268,Артем,"клх Плес, алл. Степана Разина, д. 37, 579470",+7 430 218 65 67,5
269,Полина,"п. Кашхатау, ул. Тополиная, д. 43 к. 9/1, 330910",8 (868) 848-9585,2
270,София,"д. Архыз, пер. Энгельса, д. 22 стр. 9/6, 355266",8 (684) 809-55-22,1
271,Оксана,"клх Губаха, ш. Полтавское, д. 70, 288469",86643417056,1
272,Агата,"п. Усмань, пр. Дачный, д. 5/3 к. 5/8, 253695",8 475 646 13 43,3
273,Егор,"д. Волгоград, бул. Орловский, д. 9/9 к. 190, 984599",8 843 980 3582,5
274,Егор,"ст. Красноуфимск, пр. Добролюбова, д. 771 стр. 895, 766010",+7 478 302 6985,2
275,Лукьян,"ст. Усть-Катав, пр. Ангарский, д. 64, 393836",8 909 389 7614,1
276,Ананий,"клх Дербент, алл. Абрикосовая, д. 51, 449007",8 (311) 915-83-12,3
277,Майя,"п. Талдом, ш. Свободное, д. 2, 694906",8 (986) 800-45-85,1
278,Елизавета,"д. Бронницы, ш. Полевое, д. 8 стр. 3/8, 703190",+7 (389) 006-22-13,3
279,Ефим,"к. Саянск, алл. Инженерная, д. 692 стр. 57, 311880",8 980 757 81 01,4
280,Емельян,"г. Яхрома, пр. Кооперативный, д. 89 к. 4, 212562",8 (633) 242-1941,5
281,Фока,"к. Домодедово, наб. Осипенко, д. 481, 412381",8 583 564 46 32,3
282,Милован,"к. Курумкан, алл. Городская, д. 1/5 стр. 265, 849821",8 281 825 1355,5
283,Харлампий,"п. Абакан, бул. Вишневый, д. 69 к. 9/8, 452005",8 (652) 999-65-63,5
284,Наркис,"с. Амдерма, бул. Гафури, д. 227 к. 4, 349048",8 (848) 531-5534,3
285,Устин,"к. Борзя, наб. Революции, д. 9 стр. 75, 599343",8 074 520 22 87,3
286,Вениамин,"п. Бузулук, алл. Комарова, д. 2/7 стр. 5/5, 347317",8 (635) 721-03-76,1
287,Ия,"клх Пушкино (Моск.), пр. Коммунальный, д. 9/1 к. 8/3, 444688",+74359491103,4
288,Каллистрат,"к. Каменномостский, алл. Спортивная, д. 6 стр. 80, 240960",+76932642079,3
289,Михей,"д. Ростов-на-Дону, ул. Амурская, д. 9, 007961",+7 (011) 401-3579,2
290,Емельян,"ст. Павловская, ул. Просвещения, д. 30, 790211",+7 (807) 540-97-55,5
291,Сидор,"д. Черский, бул. Сиреневый, д. 69 стр. 815, 281748",8 257 491 2602,5
292,Герасим,"клх Мирный, ш. Омское, д. 8, 388501",8 135 865 6901,3
293,Еремей,"с. Аргаяш, наб. Первомайская, д. 519, 983575",8 769 202 86 84,2
294,Валентин,"с. Нефтекамск, ш. Черемуховое, д. 111, 170092",+79012059136,1
295,Наркис,"д. Тырныауз, наб. Ярославская, д. 4 к. 883, 680821",+7 257 762 6131,5
296,Акулина,"с. Хоста, наб. Нагорная, д. 62 к. 5, 604580",+7 (601) 319-68-28,5
297,Данила,"к. Губкин, ул. Воровского, д. 9/5 к. 19, 344883",+77570668068,1
298,Аникей,"к. Карабудахкент, ш. Челюскинцев, д. 56, 384039",+73176424538,2
299,Ерофей,"клх Буденновск, наб. Базарная, д. 861, 728842",+70818696430,3
300,Ираклий,"к. Луга, ш. Придорожное, д. 9/4, 887252",8 321 075 2083,2
301,Макар,"ст. Воркута, пер. 30 лет Победы, д. 6/1 к. 41, 024351",+7 (400) 974-44-35,3
302,Максимильян,"ст. Волгоград, бул. Запорожский, д. 67 стр. 1, 464943",8 503 621 14 52,1
303,Ананий,"ст. Набережные Челны, ш. Щербакова, д. 553, 135827",+75605958802,5
304,Любовь,"п. Можга, бул. Советский, д. 12, 328319",8 999 840 19 91,5
305,Потап,"к. Смирных, алл. Клары Цеткин, д. 5, 071268",+7 (155) 631-52-24,3
306,Елизавета,"клх Канск, бул. Красина, д. 49 стр. 7/7, 241490",8 (389) 243-94-66,5
307,Кирилл,"к. Соль-Илецк, ш. Колхозное, д. 342, 267978",80353919520,3
308,Юрий,"д. Тулпан, алл. Интернациональная, д. 6/8 к. 24, 921441",8 050 144 78 87,4
309,Юлиан,"г. Кизляр, бул. Спартака, д. 476 к. 9/1, 496156",89194549340,2
310,Игорь,"д. Каргасок, бул. Механизаторов, д. 7/6 стр. 20, 535431",80254929894,5
311,Евсей,"клх Соль-Илецк, алл. Учительская, д. 79, 686795",8 (929) 305-2234,3
312,Иннокентий,"д. Середниково, ш. Мичурина, д. 1/2, 672090",8 852 530 44 16,5
313,Гурий,"клх Черский, ш. Студенческое, д. 2/7 стр. 73, 046966",+7 (328) 600-1577,1
314,Нестор,"г. Энгельс, алл. Кошевого, д. 7 к. 336, 418876",+7 (794) 972-6335,5
315,Радислав,"ст. Внуково (метеост.), алл. Гагарина, д. 5 стр. 4, 647321",8 848 684 0521,2
316,Твердислав,"п. Ребриха, алл. Красногвардейская, д. 470 стр. 75, 440172",+78543213238,4
317,Лора,"ст. Петрозаводск, наб. Монтажников, д. 397 стр. 33, 584585",8 (215) 937-46-71,5
318,Леон,"г. Шадринск, наб. Ростовская, д. 39 стр. 6/6, 381538",+7 (882) 318-6078,1
319,Филипп,"ст. Усть-Джегута, пр. Школьный, д. 3/8, 875136",8 617 096 46 27,3
320,Фаина,"п. Хатанга, ш. 60 лет СССР, д. 6 стр. 969, 897122",+7 073 221 6209,3
321,Иларион,"с. Терскол, наб. Полярная, д. 453 к. 49, 257089",80582217027,3
322,Прокофий,"с. Каргасок, ул. Трактовая, д. 90 к. 41, 131998",8 (420) 786-33-13,4
323,Карп,"г. Касимов, ул. Огородная, д. 9 стр. 991, 628540",+72883846109,4
324,Самсон,"к. Кизилюрт, ул. Ломоносова, д. 44, 218984",8 830 198 58 74,3
325,Фадей,"п. Александровск-Сахалинский, ул. Привольная, д. 91 к. 1, 813412",8 (948) 639-79-14,4
326,Панфил,"г. Ступино, наб. Энергетическая, д. 41 к. 7, 544849",8 507 367 8458,3
327,Каллистрат,"ст. Ахтубинск, бул. Нагорный, д. 2/7, 167238",+7 (143) 719-01-76,2
328,Артемий,"с. Кулунда, пр. Российский, д. 37 к. 47, 372413",8 (104) 797-07-95,4
329,Боян,"п. Ставрополь, ш. Транспортное, д. 345, 706062",8 115 934 5378,4
330,Прокофий,"клх Домбай, бул. Курортный, д. 45, 835024",+7 (251) 753-13-37,5
331,Вышеслав,"к. Кабанск, пр. Папанина, д. 598, 387967",+7 617 892 66 41,3
332,Федор,"п. Ногинск (Моск.), бул. Тепличный, д. 1 к. 2, 734439",+79417200144,1
333,Боян,"клх Апатиты, пр. Черемуховый, д. 308, 544049",8 (938) 629-9846,3
334,Олимпиада,"п. Якутск, наб. Шолохова, д. 94 стр. 3, 144884",+74376340281,4
335,Савва,"к. Сухиничи, пер. Трудовой, д. 41 к. 7, 559667",8 (999) 418-6823,3
336,Оксана,"к. Курильск, ул. Ярославская, д. 4/7, 294666",+7 (386) 566-83-15,2
337,Станислав,"ст. Холмогоры, ш. Песчаное, д. 18, 718825",87243736408,3
338,Устин,"с. Балтийск, бул. Мичурина, д. 1/1, 627848",+7 123 652 95 54,2
339,Герман,"д. Арзамас, пер. Партизанский, д. 8, 904562",8 316 602 3531,1
340,Мефодий,"клх Фатеж, алл. Минская, д. 22, 251790",+7 (256) 807-1480,2
341,Эрнест,"клх Воркута, алл. Щербакова, д. 62 к. 3/3, 371166",89513666132,3
342,Марфа,"к. Соболево, ул. Гастелло, д. 56 к. 2, 985091",+7 (725) 605-8832,4
343,Фадей,"с. Александров Гай, бул. Короленко, д. 44, 520114",8 (709) 018-38-88,5
344,Изот,"с. Верхний Тагил, ул. Матросова, д. 5/7 к. 8, 752782",8 (214) 995-9930,2
345,Никандр,"с. Тамбов, пер. Клары Цеткин, д. 72 к. 7, 698409",+7 454 629 8441,4
346,Викентий,"г. Волхов, ш. Пролетарское, д. 7 к. 999, 549007",+7 309 502 56 21,2
347,Елизавета,"с. Ярославль, наб. Боровая, д. 6/8, 829219",8 006 694 7066,1
348,Иван,"д. Печора, ул. Снежная, д. 895 стр. 5, 608516",+7 656 247 93 42,5
349,Артемий,"г. Холмск, ш. Лесхозное, д. 445 к. 73, 399467",+7 (952) 017-90-86,5
350,Нифонт,"клх Курганинск, пер. Сплавный, д. 44, 750333",+7 (225) 158-9576,2
351,Тарас,"п. Медногорск, бул. Коммунальный, д. 67, 266334",8 272 421 9265,4
352,Ангелина,"клх Юровск, ул. Ветеранов, д. 8/1 к. 91, 466284",+76296981409,4
353,Авксентий,"ст. Канск, пер. Рязанский, д. 2 к. 5, 719102",+7 (537) 785-2403,3
354,Ладислав,"ст. Рыльск, пр. Красный, д. 5/2, 479772",+7 (099) 224-00-39,3
355,Екатерина,"к. Лабытнанги, алл. Космическая, д. 54 стр. 6/4, 115483",+7 451 913 55 72,2
356,Гостомысл,"клх Стрежевой, наб. Логовая, д. 165 к. 46, 796202",83883459321,2
357,Елизавета,"ст. Губкин, бул. Тульский, д. 363 к. 54, 406784",8 046 677 45 87,1
358,Лукьян,"г. Морозовск, наб. Мельничная, д. 54, 949645",8 (931) 076-1742,2
359,Митофан,"клх Яр-Сале, пер. Снежный, д. 460, 472780",+7 (634) 027-53-10,4
360,Роман,"с. Байкальск, ул. Ростовская, д. 77 стр. 290, 460264",+70252254413,1
361,Валентина,"г. Костомукша, бул. Пугачева, д. 4 к. 463, 613621",+7 (978) 526-1299,2
362,Макар,"ст. Гремячинск (Перм.), ул. Пушкинская, д. 6/1 к. 8, 130296",8 (328) 057-2654,4
363,Конон,"с. Ершов, пер. Калужский, д. 8/2 к. 62, 650206",84020315316,4
364,Лариса,"п. Южно-Курильск, пер. Элеваторный, д. 9 к. 52, 977420",8 (879) 841-5762,1
365,Никандр,"г. Светлогорск (Калин.), наб. Целинная, д. 58, 956139",+7 (321) 284-47-85,4
366,Владлен,"д. Гудермес, пер. Угловой, д. 9/9, 348633",8 535 399 92 80,4
367,Илья,"п. Новороссийск, бул. Пушкинский, д. 3/3 стр. 259, 254333",+7 (726) 542-83-42,1
368,Ладислав,"к. Усмань, пер. Социалистический, д. 269, 766161",8 535 244 2421,3
369,Дорофей,"д. Новый Оскол, наб. Театральная, д. 492 стр. 840, 771143",80504920692,1
370,Спиридон,"ст. Салават, пр. Вавилова, д. 4/6, 546220",8 766 983 24 70,4
371,Гостомысл,"клх Лянтор, ул. Сахалинская, д. 122, 322866",8 594 686 97 48,4
372,Синклитикия,"клх Мыс Шмидта, алл. 9 Января, д. 78, 889997",+7 538 094 7884,5
373,Семен,"клх Снежногорск (Мурм.), пр. Октябрьский, д. 4/8 стр. 4, 728746",+7 (329) 969-1704,2
374,Ипатий,"клх Набережные Челны, пер. Высокий, д. 84 к. 60, 748358",+7 159 679 83 49,3
375,Корнил,"г. Инта, алл. Огородная, д. 6, 859752",+7 (205) 252-69-08,4
376,Агафья,"ст. Орехово-Зуево, алл. Высоковольтная, д. 8 стр. 5/8, 522551",87498847764,5
377,Вацлав,"к. Лесной (Сверд.), пр. Болотный, д. 34 к. 4/5, 656352",85370734909,2
378,Касьян,"д. Певек, ул. Иванова, д. 1 к. 89, 137872",+7 (991) 266-0711,1
379,Викторин,"д. Буденновск, алл. Западная, д. 746 к. 1/8, 444358",80000384654,2
380,Мина,"г. Обоянь, ш. Горького, д. 677 стр. 38, 778159",+7 (431) 937-5298,5
381,Галина,"к. Курумкан, ш. Путевое, д. 4, 214910",+7 102 143 50 13,4
382,Фирс,"ст. Ступино, ш. Крылова, д. 937, 573862",+79286771130,3
383,Александр,"п. Юровск, ул. Тимирязева, д. 792, 338089",85548716153,4
384,Лука,"клх Теберда, пр. ДОС, д. 8/5 к. 9, 899328",+7 (468) 911-00-00,5
385,Ефим,"п. Пышма, пр. Лазурный, д. 845 к. 837, 639929",8 147 748 4292,5
386,Семен,"д. Ржев, наб. Степана Разина, д. 122 к. 2, 457853",+7 765 006 8815,2
387,Серафим,"к. Буденновск, алл. Мира, д. 403 к. 423, 383749",+77088832632,1
388,Никита,"ст. Ямбург, пер. Ватутина, д. 29, 067708",8 711 577 21 94,1
389,Ян,"к. Ковров, наб. Киевская, д. 88 к. 170, 896482",8 (728) 347-7689,3
390,Василиса,"г. Архангельск, алл. Карла Либкнехта, д. 730 стр. 90, 744380",+7 733 441 23 32,4
391,Тимофей,"клх Боровск, ш. Запрудное, д. 60 к. 1, 937204",+72459672293,2
392,Харлампий,"с. Ершов, пр. Лесхозный, д. 1/5 стр. 5/9, 942446",+7 098 146 32 43,1
393,Севастьян,"с. Тимашевск, наб. Брянская, д. 48 к. 45, 660209",8 (030) 384-58-24,4
394,Эрнест,"ст. Обнинск, бул. Подгорный, д. 499 к. 93, 863194",+7 250 955 0075,5
395,Игнатий,"п. Фатеж, алл. Вахитова, д. 6 к. 8/1, 736722",8 (145) 805-4208,2
396,Борислав,"к. Троицк (Челяб.), наб. Крестьянская, д. 909 к. 6, 123445",+7 (949) 675-11-74,3
397,Людмила,"п. Красноселькуп, бул. Гафури, д. 4, 130986",+7 (263) 784-38-21,1
398,Анисим,"г. Бреды, наб. Васильковая, д. 9 к. 501, 630798",+7 341 563 51 82,2
399,Флорентин,"клх Кулунда, пр. Нагорный, д. 7, 411019",86473176228,1
400,Ольга,"п. Приозерск, ш. Петровское, д. 58 стр. 10, 691272",+78339557637,4
401,Аникита,"ст. Оленегорск (Якут.), ул. Магистральная, д. 9/4, 599371",8 (411) 693-40-83,2
402,Евсей,"клх Ведено, наб. 60 лет Октября, д. 4, 612935",+7 953 810 93 65,2
403,Пахом,"клх Амурск, пер. Фурманова, д. 50 к. 3, 424173",+7 088 595 1091,4
404,Феврония,"к. Бугульма, алл. Победы, д. 6/2 к. 4, 731157",+7 237 568 3452,3
405,Евфросиния,"клх Шереметьево, ш. Алтайское, д. 242, 456618",8 (511) 339-56-18,3
406,Александр,"ст. Чусовой, алл. Ивановская, д. 6, 327081",+7 038 265 86 01,4
407,Боян,"п. Хатанга, ул. Королева, д. 6/1 стр. 38, 243984",8 919 249 52 17,3
408,Изот,"г. Октябрьское (Хант.), алл. Ветеранов, д. 3 к. 160, 986001",+7 (349) 150-3479,4
409,Вацлав,"к. Старая Русса, наб. Тульская, д. 92 стр. 69, 287855",+75430591342,1
410,Евсей,"с. Бугуруслан, наб. Тепличная, д. 7/9 к. 9, 096203",8 (219) 177-7486,4
411,Клавдия,"с. Тулпан, бул. Кольцова, д. 886 стр. 59, 147097",+7 984 436 31 18,3
412,Марк,"ст. Сладково, пер. Курганный, д. 4/3 к. 459, 278605",8 772 433 04 08,5
413,Федот,"д. Черняховск, ул. Макарова, д. 571, 668201",8 (331) 905-8677,4
414,Алла,"клх Баксан, бул. Элеваторный, д. 9 к. 4/1, 431296",+7 (558) 632-31-26,2
415,Вячеслав,"ст. Сергиев Посад, бул. Тульский, д. 129 к. 2, 846780",8 370 183 0176,3
416,Матвей,"ст. Южно-Сахалинск, алл. Труда, д. 463 к. 3, 474642",+7 (734) 036-6101,2
417,Карп,"к. Магадан, бул. Чапаева, д. 3/2, 629897",87695369802,4
418,Антонин,"ст. Чермоз, ул. Молодежная, д. 4 стр. 44, 330426",+7 (085) 054-95-76,2
419,Илья,"ст. Далматово, ш. Фрунзе, д. 679 стр. 2, 662682",81613483945,5
420,Твердислав,"п. Льгов, алл. Строительная, д. 8, 951739",8 101 981 24 43,5
421,Орест,"с. Курган, бул. Солнечный, д. 8 к. 8/7, 978210",8 (724) 902-9104,4
422,Аггей,"д. Дагомыс, бул. Кедровый, д. 1/5 к. 8, 670872",8 369 553 2651,5
423,Павел,"ст. Кимры, наб. Ударная, д. 588 к. 1/9, 217235",8 (112) 952-50-49,1
424,Нонна,"с. Шатой, пер. Мелиоративный, д. 9/8, 613532",+7 (286) 382-4361,3
425,Андрон,"к. Буденновск, алл. Краснофлотская, д. 2/8 к. 90, 408753",+70155169105,2
426,Мирослав,"п. Буденновск, пер. Безымянный, д. 125 стр. 170, 618524",8 (214) 714-95-89,3
427,Парфен,"клх Ханты-Мансийск, наб. Украинская, д. 833, 486719",+7 (795) 034-10-61,5
428,Светлана,"ст. Морозовск, наб. Бригадная, д. 9/4, 933126",8 (242) 774-3856,3
429,Георгий,"с. Токсово, пер. Краснопартизанский, д. 684 к. 96, 471874",8 (614) 947-55-90,5
430,Владислав,"клх Енисейск, пер. Боровой, д. 2/1, 296253",+7 431 755 96 00,3
431,Велимир,"п. Соловки, бул. О.Кошевого, д. 66, 018542",+72467243941,5
432,Еремей,"ст. Цимлянск, пер. Глинки, д. 16 к. 2, 836710",8 (128) 439-78-26,2
433,Евгения,"клх Озеры, алл. Бригадная, д. 815 к. 432, 879007",+7 994 293 66 42,4
434,Фортунат,"г. Северодвинск, ш. Заливное, д. 57 стр. 91, 685098",+7 543 485 4842,3
435,Никодим,"с. Неплюевка, алл. Интернациональная, д. 9/4, 727715",86681851981,1
436,Дарья,"п. Александров Гай, пр. Победы, д. 9/4 к. 365, 644501",+7 (931) 788-13-52,1
437,Виссарион,"д. Онега, алл. Речная, д. 1, 169124",+7 (774) 247-72-79,2
438,Автоном,"клх Истра, ш. Водопроводное, д. 914, 530676",83954801151,4
439,Милий,"п. Бузулук, бул. Лесозаводский, д. 65, 553669",+74016255264,1
440,Савватий,"г. Челябинск, пер. Городской, д. 80 стр. 693, 205054",85548265744,2
441,Пимен,"п. Байкальск, ш. Большое, д. 1 к. 447, 493274",8 858 401 5672,4
442,Марина,"п. Буйнакск, алл. Карбышева, д. 5, 664477",+7 (759) 743-25-48,4
443,Серафим,"к. Шилка, пр. Тургенева, д. 9 стр. 556, 837105",8 811 772 26 84,2
444,Евграф,"к. Смоленск, пр. Механический, д. 378 стр. 1/3, 837831",+7 458 388 3163,3
445,Андроник,"ст. Лабинск, пер. Краснознаменный, д. 821 стр. 9/4, 868997",8 522 899 97 83,2
446,Глеб,"г. Муром, бул. Прудный, д. 15, 655766",8 247 388 7948,4
447,Фёкла,"с. Якша, алл. Макарова, д. 53 стр. 2, 264657",+7 (217) 788-7858,4
448,Митофан,"клх Валдай, ш. Красноярское, д. 5, 418868",8 (725) 583-4979,4
449,Феврония,"г. Новгород Великий, пр. Флотский, д. 90 стр. 109, 989415",+7 (520) 575-3832,5
450,Станимир,"д. Учалы, ш. Главное, д. 75 к. 1, 397282",8 646 098 8278,4
451,Самсон,"д. Лазаревское, ул. Кольцова, д. 8 стр. 18, 526779",+7 688 674 59 76,1
452,Артем,"г. Хужир, бул. 1 Мая, д. 96 стр. 528, 462426",+7 (672) 056-59-43,2
453,Никанор,"п. Енисейск, пер. Беляева, д. 12, 909713",+7 (913) 438-2522,2
454,Глафира,"клх Токсово, наб. Володарского, д. 5 к. 99, 556898",+7 (240) 710-1806,3
455,Борислав,"г. Галич, бул. Майский, д. 4/4 стр. 7/4, 397525",+7 (202) 477-97-63,4
456,Александр,"с. Каменск-Уральский, бул. Привокзальный, д. 8/3 стр. 4/6, 186401",81141576079,5
457,Григорий,"г. Пенза, ш. Дальнее, д. 955 к. 227, 352098",8 (033) 601-3368,5
458,Руслан,"клх Губкин, ш. Труда, д. 5, 559744",+7 242 067 8687,4
459,Иннокентий,"г. Великие Луки, наб. Подстанция, д. 8/5 к. 674, 550708",+78558834507,3
460,Анжела,"п. Смоленск, ул. Торговая, д. 931 стр. 25, 346114",+7 510 462 1313,2
461,Алексей,"г. Улан-Удэ, наб. Ветеранов, д. 6, 526028",86993907269,5
462,Аким,"клх Североморск, пр. Воровского, д. 867 к. 6/9, 584600",8 425 778 78 79,3
463,Евдоким,"с. Верхний Уфалей, пер. Береговой, д. 12, 980035",+74143438763,1
464,Радован,"г. Усть-Калманка, ш. Тимирязева, д. 2, 162377",8 628 505 3318,3
465,Зоя,"к. Петропавловск-Камчатский, ул. Ягодная, д. 476 к. 36, 474381",+7 (544) 016-02-41,2
466,Софон,"г. Хатанга, пер. Путевой, д. 6/6 к. 422, 773943",+7 (763) 286-1253,2
467,Варвара,"ст. Кострома, наб. Светлая, д. 8, 783227",+7 (856) 070-3312,2
468,Венедикт,"ст. Ребриха, пер. Суворова, д. 9/2, 857599",+7 (447) 482-32-23,2
469,Архип,"с. Камышлов, пр. Чайковского, д. 1 стр. 4, 786244",86972206403,4
470,Харлампий,"г. Белорецк, наб. Короленко, д. 375 к. 7/6, 469099",+7 635 888 0445,3
471,Никон,"с. Домодедово, ш. Невского, д. 3/9 стр. 11, 537681",85335316692,5
472,Эмилия,"п. Верхнее Пенжино, алл. Жуковского, д. 825 к. 43, 703493",+7 189 742 8284,3
473,Григорий,"с. Андреаполь, ш. Элеваторное, д. 80 к. 818, 463367",+73472669668,5
474,Рубен,"д. Екатеринбург, ш. 60 лет Октября, д. 6/9 стр. 380, 956942",81288644138,2
475,Сильвестр,"к. Поронайск, наб. Приозерная, д. 884 к. 4, 483864",+78066051666,5
476,Лука,"ст. Батайск, алл. Плеханова, д. 5, 080417",+7 (892) 186-5924,5
477,Никанор,"к. Хасан, пр. Семашко, д. 17 к. 1, 547310",8 (329) 129-6380,5
478,Милован,"г. Пушкинские Горы, пер. Гоголя, д. 5, 065522",+73662116025,1
479,Елизар,"с. Печора, ул. Высотная, д. 42 стр. 4, 053376",89687762209,1
480,Марк,"к. Абинск, пр. Казачий, д. 5, 568447",+7 (911) 714-44-30,3
481,Федот,"клх Сургут (Хант.), алл. Космодемьянской, д. 186, 423285",8 449 352 12 89,2
482,Наркис,"с. Ирбит, алл. Крестьянская, д. 874, 206020",+7 774 506 5741,5
483,Ипат,"г. Сасово, алл. Проточная, д. 4 к. 936, 897046",8 834 011 54 90,4
484,Леон,"с. Кисловодск, пр. Кубанский, д. 4/9 к. 345, 343408",+7 408 435 65 91,5
485,Павел,"п. Вологда, ул. Народная, д. 67 к. 25, 168576",8 586 310 7989,5
486,Сократ,"д. Сусуман, ул. Нагорная, д. 15 к. 545, 184706",+7 (568) 922-75-23,3
487,Лавр,"д. Артем, пр. Мая 1, д. 4/3 к. 9/4, 973979",8 (622) 143-1006,1
488,Сергей,"клх Губаха, ш. Шоссейное, д. 1/9, 195408",+7 (036) 127-18-87,3
489,Устин,"д. Тулун, пр. Шахтерский, д. 2/4 к. 66, 760018",+73184898640,2
490,Тит,"д. Торжок, наб. Клубная, д. 59, 481007",+77715935493,4
491,Эммануил,"клх Тихвин, пер. Фадеева, д. 32, 757281",+7 737 550 77 71,4
492,Сильвестр,"клх Сковородино, наб. Аэродромная, д. 21 стр. 6, 761819",+7 (380) 261-6228,3
493,Селиверст,"клх Воронеж, пер. Крылова, д. 8/3 стр. 2/5, 780577",+7 (176) 513-8938,5
494,Амвросий,"с. Красноуфимск, пр. Запорожский, д. 2/6, 722460",+7 011 769 6689,3
495,Ираида,"д. Сасово, бул. Тупиковый, д. 808 к. 58, 672967",83294092897,2
496,Ратибор,"г. Петрозаводск, ш. Котовского, д. 28 стр. 48, 045879",8 855 205 29 24,4
497,Ян,"ст. Бавлы, бул. Гаражный, д. 3 стр. 26, 639641",+7 333 771 1036,5
498,Устин,"клх Бологое, пр. Светлый, д. 7, 921345",87812782590,5
499,Иларион,"к. Кущевская, пер. Февральский, д. 213, 401442",+79767184385,1
500,Элеонора,"г. Воркута, пер. Прохладный, д. 164 к. 34, 588084",8 391 671 4598,4
501,Твердислав,"к. Когалым, пр. Дорожников, д. 3/9 к. 5, 009027",+7 (853) 752-6470,3
502,Аполлон,"д. Крымск, бул. Спартака, д. 516 стр. 56, 705007",+7 (245) 322-3081,1
503,Юлия,"г. Плес, бул. Радужный, д. 576, 611105",+7 958 273 76 06,4
504,Ростислав,"г. Холмогоры, пр. Комсомольский, д. 106, 091293",8 952 600 99 45,5
505,Руслан,"г. Анапа, ш. Проезжее, д. 58 к. 444, 792451",83256223622,2
506,Фортунат,"к. Ведено, алл. Горная, д. 9 к. 5/2, 465553",8 (039) 762-26-59,4
507,Роман,"д. Яшалта, ул. Казачья, д. 76 к. 77, 138699",+7 974 121 12 90,5
508,Пимен,"д. Соль-Илецк, ул. Энтузиастов, д. 6/2 стр. 9, 081173",+7 (088) 576-4320,4
509,Радован,"п. Химки, бул. Леваневского, д. 7/7, 524817",+7 349 526 71 72,2
510,Светозар,"с. Валаам, наб. Победа, д. 174 стр. 2, 938687",8 270 046 0688,5
511,Ирина,"с. Сызрань, ш. Прудовое, д. 4/4 стр. 365, 171811",+78346193220,1
512,Зосима,"к. Октябрьский (Башк.), бул. Урицкого, д. 7/3, 495747",8 523 023 81 69,4
513,Владислав,"ст. Санкт-Петербург, бул. Машиностроителей, д. 39, 139581",+79332981425,1
514,Сигизмунд,"п. Ельня, ул. Астраханская, д. 35 стр. 22, 473247",8 (106) 055-69-09,4
515,Юлия,"п. Урай, бул. Луговой, д. 8 стр. 4/1, 651812",+7 690 760 90 99,5
516,Святослав,"п. Оса, алл. Вишневая, д. 520 к. 5/6, 583573",8 066 576 10 36,5
517,Чеслав,"ст. Ахтубинск, пер. Лесозаводский, д. 590 стр. 3, 287569",8 538 540 35 08,3
518,Поликарп,"ст. Аршан (Бурят.), наб. Мельничная, д. 245 стр. 3, 850999",+7 915 661 41 69,1
519,Герман,"п. Кировск (Ленин.), пр. Энтузиастов, д. 191 к. 453, 370734",8 077 943 0123,5
520,Аникита,"г. Камышлов, ул. Королева, д. 1/8, 870629",8 (124) 321-9136,2
521,Зосима,"г. Москва, наб. Станционная, д. 4 стр. 693, 823460",+7 807 619 6126,4
522,Станимир,"ст. Шахты, ул. Бабушкина, д. 62, 524645",8 757 809 0063,5
523,Гаврила,"ст. Кизел, ул. Монтажников, д. 1/7, 559630",8 (472) 468-4816,5
524,Лука,"п. Смирных, наб. Полярная, д. 4/6, 770085",86367581839,3
525,Денис,"д. Гагарин, алл. Серафимовича, д. 9/9 к. 4, 101730",8 (956) 822-43-76,3
526,Нонна,"п. Катайск, алл. Социалистическая, д. 9 к. 4, 251521",+7 (391) 334-1310,4
527,Остромир,"д. Южноуральск, алл. Линейная, д. 51 к. 1, 171760",+7 (292) 217-91-26,2
528,Федор,"п. Невельск, пр. Ломоносова, д. 206, 109396",+7 992 413 72 20,4
529,Анастасия,"д. Северобайкальск, ш. Шолохова, д. 4 стр. 27, 951529",8 894 164 3414,4
530,Евсей,"с. Костомукша, алл. Иркутская, д. 8/2 стр. 96, 683305",8 273 408 59 14,3
531,Сократ,"клх Геленджик, пер. Тукая, д. 963 к. 8, 519090",8 800 503 3824,1
532,Лукия,"г. Гдов, наб. Геологическая, д. 3/4 к. 5/8, 753073",+78887538959,3
533,Артем,"к. Бузулук, алл. Овражная, д. 9/7 к. 1, 041713",+7 (738) 468-6295,2
534,Леонтий,"д. Троицк (Челяб.), ш. Санаторное, д. 6/7 к. 1, 903299",86397502766,5
535,Жанна,"с. Колпашево, ул. Снежная, д. 13 стр. 8, 911816",84478977903,3
536,Никон,"г. Мценск, алл. М.Горького, д. 536 стр. 865, 053412",89773636141,1
537,Панфил,"к. Ельня, алл. Спартака, д. 749 к. 5/7, 185703",8 (940) 298-02-67,3
538,Клавдия,"к. Челюскин, пер. Королева, д. 245 стр. 7, 525207",+74556040238,3
539,Яков,"с. Красноуфимск, ш. Калужское, д. 74 стр. 129, 049536",+7 042 460 0576,3
540,Эммануил,"с. Петухово, ш. Байкальское, д. 37 к. 6, 511624",+77785639066,2
541,Клавдия,"с. Оленек, бул. Флотский, д. 413, 189029",8 (431) 554-0924,1
542,Тит,"г. Лысьва, пер. Угловой, д. 83, 683477",8 303 358 0657,2
543,Гаврила,"д. Елабуга, пр. Космонавтов, д. 9, 689933",+7 441 540 97 13,2
544,Панкрат,"д. Каменск-Уральский, наб. Ленинградская, д. 4/1 к. 398, 980786",8 134 316 9118,1
545,Валентина,"п. Гремячинск (Бурят.), пер. Красноярский, д. 873 к. 704, 365094",8 815 368 5522,3
546,Исидор,"ст. Верещагино (Перм.), пер. Нахимова, д. 9/4, 225060",8 (385) 359-85-51,4
547,Илья,"клх Буденновск, пр. Войкова, д. 758 к. 323, 007180",+7 (264) 862-13-21,4
548,Нифонт,"г. Яр-Сале, наб. Медицинская, д. 157 стр. 4/3, 453028",+7 (118) 117-59-52,5
549,Александр,"п. Ноглики, наб. Островского, д. 56 стр. 208, 289147",+75529626129,1
550,Евгений,"д. Яшалта, наб. Калинина, д. 20 стр. 756, 219291",+7 (816) 409-60-91,4
551,Святополк,"п. Павловский Посад, бул. Чапаева, д. 4 стр. 668, 985004",8 073 516 4503,2
552,Нина,"к. Псков, пер. Николаева, д. 87, 104084",8 (131) 429-14-40,3
553,Филарет,"с. Гремячинск (Бурят.), пер. Геологический, д. 949 стр. 4/6, 376156",+7 280 447 5546,5
554,Борислав,"клх Усолье Сибирское, наб. Ленская, д. 6/2 к. 853, 181152",8 303 231 73 09,5
555,Парфен,"г. Тайшет, наб. Клары Цеткин, д. 523 стр. 6/5, 686814",+74321275667,4
556,Феликс,"ст. Яхрома, ш. Маркса, д. 8/1, 155649",8 791 761 2278,2
557,Рюрик,"п. Данков, бул. Красина, д. 525 к. 3/2, 079641",+7 911 136 0418,3
558,Платон,"г. Мостовской, наб. Р.Люксембург, д. 9, 071358",8 588 893 0060,5
559,Елизавета,"с. Охотск, ул. Докучаева, д. 8, 123707",8 (386) 249-18-04,4
560,Леонид,"ст. Колпашево, наб. Садовая, д. 24 стр. 83, 382806",8 257 072 57 90,2
561,Ладимир,"г. Буйнакск, ул. Ленина, д. 3 стр. 4/5, 792996",+7 (837) 864-1553,4
562,Харитон,"г. Калачинск, бул. Речной, д. 819, 013602",+7 (924) 253-53-49,4
563,Антонин,"к. Бологое, наб. Пригородная, д. 53 стр. 40, 531385",+7 (049) 679-1884,1
564,Зиновий,"клх Елатьма, ул. Попова, д. 72 к. 3/3, 516997",+7 547 115 17 07,3
565,Сергей,"г. Камышин, бул. Мельничный, д. 4/2 стр. 9/2, 205833",+73342490331,2
566,Ангелина,"п. Руза, пер. Бабушкина, д. 1 стр. 1, 909617",+7 (784) 617-9470,1
567,Пантелеймон,"с. Когалым, ул. Пушкина, д. 30 стр. 177, 027300",+7 (273) 400-5388,1
568,Карл,"д. Баксан, пер. Саратовский, д. 6 стр. 448, 464935",+7 (491) 149-38-45,5
569,Милен,"п. Щельяюр, наб. Красная, д. 9 стр. 779, 667552",88684896253,2
570,Влас,"п. Новочеркасск, пер. Советов, д. 5/9 к. 1, 760273",+7 881 377 55 90,5
571,Ладимир,"к. Усть-Калманка, бул. Энтузиастов, д. 26 стр. 5, 372280",+7 596 415 6055,3
572,Наина,"г. Тамбов, ш. Никитина, д. 2 к. 1/7, 400630",+7 (928) 291-5804,2
573,Эрнест,"п. Кашира, пер. Новоселов, д. 2/7, 995257",8 672 566 0532,2
574,Яков,"с. Тамбей, алл. Волочаевская, д. 4 стр. 82, 120947",+7 (432) 135-5387,1
575,Ефим,"с. Диксон, ул. Олимпийская, д. 4/6, 165317",+7 (330) 564-16-36,3
576,Севастьян,"к. Катайск, пр. Овражный, д. 3 стр. 3, 583787",+7 (649) 255-84-44,2
577,Радислав,"к. Городовиковск, ул. Демьяна Бедного, д. 8/5 стр. 309, 928480",+7 (796) 818-6723,1
578,Милий,"клх Нижнекамск, пер. Шоссейный, д. 7/6 стр. 2/9, 075649",+7 547 559 54 54,4
579,Терентий,"п. Белгород, наб. Свободы, д. 48 стр. 7/6, 282208",+7 (594) 561-6592,5
580,Рубен,"ст. Кедровый, ш. Титова, д. 224, 682988",+7 (889) 643-60-81,4
581,Андрей,"г. Кулу, пр. Есенина, д. 471 к. 1, 691268",82138897354,2
582,Фёкла,"г. Куртамыш, пер. Марта 8, д. 7 к. 4/7, 228016",8 (243) 929-3124,1
583,Исидор,"клх Мыс Шмидта, ш. 60 лет Октября, д. 232, 729399",8 422 106 6419,4
584,Ефим,"г. Грозный, бул. Веселый, д. 6 стр. 90, 299454",+7 (987) 756-56-94,5
585,Афиноген,"д. Холмогоры, наб. Гафури, д. 462 стр. 2/1, 813163",8 934 196 83 60,1
586,Олег,"п. Волхов, ш. Кольцевое, д. 79 к. 4/3, 466493",8 269 194 82 87,2
587,Нина,"с. Нижний Новгород, ул. Зеленая, д. 8 стр. 3/3, 630811",+7 (785) 356-82-17,3
588,Селиверст,"д. Великие Луки, пр. Тополиный, д. 1/4 стр. 3/9, 102425",+7 (290) 526-6650,4
589,Аркадий,"ст. Чебоксары, пер. 50 лет Победы, д. 258, 419139",+7 743 182 0235,2
590,Ипатий,"к. Игарка, пр. Радищева, д. 6/9 стр. 239, 414041",8 074 858 66 85,1
591,Олимпий,"д. Сузун, алл. Карла Либкнехта, д. 53, 131992",+7 (896) 250-10-58,3
592,Нина,"к. Кедровый, бул. Кузнецова, д. 4 стр. 7/9, 810393",+7 182 359 9295,5
593,Марфа,"с. Красноуральск, пер. Димитрова, д. 3/4 стр. 9/5, 225572",+7 (627) 234-0812,2
594,Евдокия,"ст. Шуя, пер. Интернациональный, д. 9 к. 498, 046793",8 853 658 2281,3
595,Лев,"д. Юрьевец (Иван.), ш. Журавлева, д. 635, 218805",+7 436 297 6178,1
596,Ермил,"к. Жуковский, ш. Фадеева, д. 4/7 к. 3, 120039",8 885 268 71 84,5
597,Мокей,"п. Иркутск, пер. Чехова, д. 18 стр. 459, 888705",+74589952671,3
598,Адриан,"д. Сосногорск, алл. Красноармейская, д. 9/8, 818215",84164837808,3
599,Ираклий,"ст. Калачинск, алл. Тихая, д. 686 к. 163, 900238",85677916721,5
600,Анисим,"ст. Рыбинск, ш. Гастелло, д. 260 к. 6/3, 003206",+7 351 543 1589,3
601,Епифан,"к. Мокшан, пер. Мельничный, д. 6, 775471",+7 (887) 373-24-09,2
602,Андрей,"г. Бреды, наб. Инженерная, д. 623, 967512",8 (981) 500-67-55,3
603,Борис,"с. Уфа, пр. Байкальский, д. 1 к. 1/8, 498065",+7 (159) 371-6836,1
604,Агата,"с. Каргополь, бул. Мира, д. 99, 667761",+73416930405,1
605,Ираклий,"п. Катайск, ш. Пролетарское, д. 33, 365321",8 850 926 0972,3
606,Алексей,"д. Железногорск(Курск.), ул. Чкалова, д. 2, 600905",+7 (797) 137-7537,3
607,Зосима,"клх Арсеньев, пер. Калужский, д. 10, 798313",8 887 086 31 65,3
608,Савва,"ст. Вологда, ш. Запорожское, д. 6/7 стр. 94, 765137",+7 (656) 990-5791,3
609,Селиван,"с. Усолье Сибирское, пер. Леонова, д. 3 стр. 7, 580550",8 (011) 940-4103,3
610,Матвей,"с. Дмитров, пер. Павлика Морозова, д. 4/4 стр. 500, 233428",+76029223669,2
611,Гедеон,"с. Верхотурье, пер. Седова, д. 6/6, 346231",8 850 222 4200,1
612,Олимпиада,"к. Тавда, пр. Гайдара, д. 3 стр. 536, 051615",+7 (164) 640-14-55,4
613,Мина,"с. Тавда, ш. Мира, д. 8/1, 532196",8 (482) 705-94-16,2
614,Нонна,"г. Ковров, алл. Рыбацкая, д. 3 к. 31, 739537",8 109 396 23 73,1
615,Ермил,"г. Аша, пр. Васильковый, д. 1/7 к. 1/9, 477784",+79275254646,5
616,Аполлинарий,"п. Томари, пр. Металлургов, д. 9, 695517",+77712879334,1
617,Силантий,"клх Слюдянка, ул. Матросова, д. 3/6 к. 6, 831288",8 209 525 2707,2
618,Викентий,"ст. Моздок, наб. Воровского, д. 2 стр. 96, 325917",+7 560 029 35 10,4
619,Феврония,"г. Шарья, ул. Гагарина, д. 2 к. 1/2, 497669",+7 (526) 087-17-75,1
620,Аполлинарий,"п. Шадринск, бул. Зои Космодемьянской, д. 3, 838950",8 (347) 898-75-27,1
621,Вероника,"клх Новомосковск, ул. Веселая, д. 2, 428567",8 (035) 059-78-85,1
622,Ульян,"ст. Териберка, наб. Литейная, д. 1/4 к. 7, 855614",8 (151) 901-92-41,4
623,Тамара,"с. Астрахань, ш. Дальневосточное, д. 95 стр. 9/1, 341759",8 639 705 7896,4
624,Лариса,"клх Химки, ш. Деповское, д. 63 к. 5/9, 698540",+7 (794) 745-65-80,5
625,Валерьян,"г. Кисловодск, ш. Физкультурное, д. 4/9 к. 6/9, 713496",80940684412,2
626,Карл,"к. Кош-Агач, ул. Вокзальная, д. 2, 189256",8 (296) 577-4233,1
627,Ермолай,"к. Губкинский, пер. Ленский, д. 463 к. 6, 140114",81752737229,4
628,Аггей,"г. Псков, пер. 1 Мая, д. 3 стр. 2, 889049",8 (157) 372-9452,1
629,Казимир,"с. Салават, бул. Нефтяников, д. 512, 941298",87832420470,4
630,Глафира,"г. Долинск, бул. Октября, д. 506 стр. 8, 208082",8 (440) 589-7056,3
631,Филипп,"п. Ивдель, пр. Центральный, д. 5/2, 226687",+7 665 902 26 19,2
632,Валерьян,"ст. Белореченск, бул. Пограничный, д. 99, 891331",+7 062 197 4551,3
633,Гедеон,"клх Североуральск, ул. Гайдара, д. 19 стр. 838, 065609",8 (260) 564-7066,3
634,Никон,"с. Урус-Мартан, бул. Терешковой, д. 5/6 к. 19, 535953",+72881678586,1
635,Эрнст,"к. Троицк (Моск.), ул. Рязанская, д. 12, 913545",+75309268240,4
636,Матвей,"д. Кашхатау, наб. Студенческая, д. 5/5, 458470",82248132653,2
637,Элеонора,"к. Сызрань, бул. Каштановый, д. 7/6 стр. 5, 285505",+7 (662) 948-40-17,3
638,Корнил,"клх Североморск, наб. Космонавтов, д. 1/3 к. 26, 492403",+7 (563) 406-53-46,5
639,Алина,"д. Углегорск, ш. Ленинградское, д. 201 стр. 5/4, 178088",82126467802,1
640,Пахом,"клх Таштагол, ул. Победа, д. 8/8 стр. 924, 000392",+7 592 665 78 62,2
641,Борислав,"г. Кыштым, ш. Саратовское, д. 66, 822565",8 401 907 6797,5
642,Трифон,"д. Октябрьский (Башк.), пер. Красногвардейский, д. 12 стр. 31, 391747",87749282861,4
643,Трофим,"клх Можайск, пр. Чкалова, д. 325 к. 6/8, 107480",8 (844) 348-63-79,1
644,Радислав,"с. Новороссийка, пер. Вишневый, д. 247 к. 8, 375234",+7 (377) 517-73-83,1
645,Тимур,"п. Усинск, ул. Лесхозная, д. 605, 836903",88429952859,2
646,Остромир,"клх Холмогоры, бул. Смоленский, д. 41 стр. 3, 746991",+7 (326) 807-0584,1
647,Якуб,"г. Змеиногорск, наб. Линейная, д. 8 к. 8, 539005",+7 257 611 5568,5
648,Спартак,"г. Саратов, пр. Станиславского, д. 31 к. 823, 961059",+73250201515,1
649,Владимир,"ст. Каменск-Шахтинский, ул. Кузнечная, д. 202, 509649",8 807 008 4052,5
650,Ираклий,"с. Брянск, пр. Большевистский, д. 5, 101147",8 (164) 497-99-98,4
651,Филимон,"г. Москва, бул. Энгельса, д. 301 к. 32, 749933",8 702 159 15 95,2
652,Фока,"к. Бомнак, пер. Курганный, д. 3 к. 2, 942446",+7 (992) 573-07-66,2
653,Карл,"г. Красновишерск, пр. Бригадный, д. 9 к. 8, 820741",8 (652) 613-0717,2
654,Харлампий,"д. Лазаревское, наб. Целинная, д. 800, 356032",+7 (057) 573-36-88,2
655,Прокл,"п. Лабытнанги, пр. Седова, д. 65 к. 846, 393257",8 (714) 515-26-45,4
656,Варлаам,"п. Оса, бул. Гражданский, д. 3/2 к. 714, 956543",8 217 333 12 56,2
657,Милен,"с. Чебоксары, пр. Шевченко, д. 5, 058853",+76025323355,4
658,Ефим,"ст. Чайковский, ул. Баумана, д. 2 стр. 2, 683059",+7 (849) 530-5543,1
659,Анисим,"п. Талдом, алл. Революционная, д. 4/3 стр. 11, 137875",+7 353 452 4786,2
660,Пимен,"к. Березники, ул. Социалистическая, д. 19 стр. 35, 552872",+7 706 297 8527,5
661,Тарас,"с. Черняховск, ул. Мелиораторов, д. 71 стр. 7, 240352",8 121 565 9739,3
662,Полина,"г. Соликамск, ш. Волочаевское, д. 96, 164603",+7 581 341 9414,4
663,Дмитрий,"клх Тулпан, ул. Вахитова, д. 288 стр. 49, 027966",+7 (917) 552-36-75,1
664,Кира,"п. Чикола, ул. Выгонная, д. 79, 529480",8 (535) 719-5861,2
665,Капитон,"с. Саранск, пер. Хвойный, д. 21 к. 5/7, 296420",8 251 844 53 16,5
666,Савва,"д. Солнечногорск, ул. Котовского, д. 47, 267493",8 962 341 00 34,2
667,Пров,"г. Игнашино, наб. Высоцкого, д. 5/5 стр. 74, 593454",8 212 994 25 40,1
668,Юлия,"п. Луховицы, бул. 50 лет Победы, д. 4 к. 2, 668506",+7 (054) 997-2508,5
669,Трифон,"д. Череповец, бул. Вишневый, д. 2/6 к. 317, 868918",8 (636) 728-4048,3
670,Станимир,"с. Северодвинск, алл. Трактовая, д. 4/4 к. 51, 955886",+7 (709) 015-05-79,1
671,Остромир,"клх Уренгой, пр. Володарского, д. 227 к. 885, 948814",83961176067,2
672,Юрий,"клх Льгов, наб. Новгородская, д. 4/8, 719685",8 286 759 2121,2
673,Вероника,"клх Красноуральск, ш. Парковое, д. 697, 951880",+7 350 641 2337,3
674,Давыд,"ст. Цимлянск, пер. Февральский, д. 266 стр. 6/5, 688600",82752943981,4
675,Лора,"клх Владивосток, бул. Дружба, д. 6, 496244",8 (030) 881-39-93,2
676,Ростислав,"д. Ачинск, ул. Леваневского, д. 1, 019214",+7 000 942 28 95,5
677,Эмиль,"ст. Серафимович, ул. Терешковой, д. 7/1 стр. 3/7, 459103",8 (553) 413-27-06,3
678,Сергей,"г. Черусти, ул. Загородная, д. 8 к. 6, 663528",+7 111 229 6275,5
679,Дорофей,"ст. Шуя, бул. Есенина, д. 22 к. 3, 116848",80069345170,1
680,Тарас,"к. Ухта, бул. Рязанский, д. 3/2 стр. 748, 979739",+7 192 781 1799,1
681,Ерофей,"ст. Красноярск, ул. Пушкина, д. 2, 100298",+7 003 379 06 04,3
682,Евдоким,"п. Нефтегорск (Самар.), алл. Блюхера, д. 87, 910179",+7 (204) 617-73-15,1
683,Илья,"клх Щельяюр, пр. Комсомольский, д. 946, 855795",8 939 615 94 05,2
684,Евстафий,"г. Краснотурьинск, бул. Деповский, д. 22 стр. 83, 685424",85936490084,3
685,Творимир,"с. Бронницы, алл. Пугачева, д. 8/2 стр. 3/3, 194848",+7 (617) 165-6165,5
686,Никифор,"п. Елатьма, наб. Центральная, д. 600, 986991",+7 023 901 2487,2
687,Эмиль,"д. Суздаль, бул. Ростовский, д. 91 к. 76, 572010",8 (789) 545-19-76,5
688,Радован,"д. Яшкуль, ул. Зои Космодемьянской, д. 4 к. 4, 987711",84563042220,4
689,Ерофей,"д. Кяхта, ш. Специалистов, д. 809 стр. 82, 721087",8 076 156 3615,3
690,Кирилл,"клх Моршанск, ш. Мичурина, д. 7/6 к. 46, 165239",84595210867,1
691,Майя,"ст. Новомосковск, ш. Береговое, д. 358 к. 5/2, 582431",+7 (199) 547-72-81,4
692,Пантелеймон,"ст. Асбест, пр. Баумана, д. 735 стр. 72, 124106",8 (964) 811-19-48,2
693,Константин,"к. Вытегра, пер. Горького, д. 884 к. 1/4, 164141",8 236 144 5914,3
694,Евдоким,"клх Петухово, ул. Горняцкая, д. 6 к. 666, 733603",8 (288) 788-40-93,5
695,Чеслав,"г. Аша, пр. Ульяновский, д. 953 стр. 384, 537796",+73642879584,3
696,Галина,"к. Кингисепп, пер. Болотный, д. 16 к. 1, 819488",8 023 996 02 47,2
697,Мир,"ст. Зеленогорск (Ленин.), алл. Ульянова, д. 510 стр. 430, 776945",+7 055 240 50 49,4
698,Изяслав,"с. Плес, пер. Юности, д. 7 стр. 4/9, 925513",87173362075,1
699,Федосий,"к. Чусовой, пер. Тихий, д. 6/3 к. 2, 322803",+74385100235,2
700,Евгений,"ст. Верхний Тагил, бул. Нефтяников, д. 296, 609833",8 (621) 253-61-75,4
701,Ярослав,"с. Морозовск, наб. Снежная, д. 8 стр. 830, 288265",8 (524) 482-8454,4
702,Агафья,"п. Кизилюрт, пр. Авиационный, д. 2/2 к. 272, 207009",+7 021 283 69 18,4
703,Тит,"п. Можайск, пер. Студенческий, д. 28 стр. 96, 627626",+7 (460) 962-08-89,4
704,Максимильян,"п. Йошкар-Ола, наб. Лесная, д. 5 стр. 9/9, 244570",+74172687779,3
705,Юлиан,"ст. Муром, алл. Строителей, д. 480, 675150",8 646 946 7516,5
706,Аскольд,"к. Ржев, пер. Котовского, д. 4 к. 710, 272142",8 709 516 3383,3
707,Евдокия,"г. Тайшет, бул. Новый, д. 149 к. 557, 617783",8 (690) 824-4137,5
708,Сергей,"д. Рыльск, ш. Березовое, д. 67 стр. 76, 415909",8 (985) 218-2984,3
709,Иннокентий,"клх Руза, бул. Мелиоративный, д. 844, 983813",88783343209,2
710,Дорофей,"п. Кулу, ш. Кочубея, д. 74, 406863",8 727 613 13 94,3
711,Мир,"п. Вилюйск, пер. Пушкинский, д. 51, 251185",+7 (289) 374-81-90,4
712,Изот,"с. Хасавюрт, пер. Маяковского, д. 856 стр. 265, 202290",+7 (621) 616-47-23,4
713,Арефий,"п. Апатиты, бул. Герцена, д. 9 к. 3/9, 313196",+7 984 431 0682,3
714,Севастьян,"к. Агата, пер. Механизаторов, д. 442 к. 74, 897575",8 (073) 554-54-17,4
715,Андрей,"г. Костомукша, ш. Широкое, д. 725 стр. 7, 165573",8 612 999 2078,2
716,Федор,"г. Орехово-Зуево, бул. Декабристов, д. 9/4, 984204",8 (644) 285-4093,3
717,Лариса,"клх Бавлы, бул. Аэродромный, д. 40, 136180",+7 755 362 0081,2
718,Нифонт,"п. Раменское, пр. Стахановский, д. 2/3, 186590",+7 481 075 8104,5
719,Панфил,"к. Кандалакша, наб. Республиканская, д. 9/1 к. 42, 906647",8 386 505 8938,2
720,Ипполит,"д. Туруханск, ул. Юбилейная, д. 88 к. 75, 578239",+7 842 839 0100,2
721,Мстислав,"клх Верхоянск, алл. Фрунзе, д. 6/9 к. 5, 429512",+7 (617) 576-79-36,4
722,Амос,"д. Усолье Сибирское, наб. Мостовая, д. 760, 430823",8 722 721 05 43,1
723,Ипполит,"клх Кизляр, ш. Лермонтова, д. 3/1, 575270",89316631971,1
724,Панфил,"клх Лотошино, наб. Пионерская, д. 7 стр. 30, 448174",+79614485597,3
725,Остап,"г. Краснодар, ш. Глинки, д. 1 стр. 1/5, 383172",8 955 137 22 62,1
726,Рюрик,"д. Бологое, пер. Баумана, д. 64 к. 88, 627950",+7 (189) 496-1999,1
727,Ефрем,"д. Ейск, пр. Азовский, д. 2/4, 816808",+7 (775) 926-3209,3
728,Кузьма,"г. Улан-Удэ, ш. Луговое, д. 6/8 к. 62, 182738",8 (949) 902-7576,1
729,Никодим,"ст. Внуково (метеост.), пер. Выгонный, д. 377, 705642",8 (173) 392-4607,1
730,Софрон,"с. Ведено, пр. Нижний, д. 150, 939767",8 (877) 278-06-74,4
731,Яков,"с. Куртамыш, наб. Орловская, д. 494 стр. 4/7, 748211",+7 756 352 0997,1
732,Симон,"клх Горно-Алтайск, алл. Большевистская, д. 24, 191456",8 (473) 600-98-72,5
733,Лукия,"клх Нижний Новгород, наб. Шевченко, д. 5, 420699",88247913336,5
734,Казимир,"ст. Кандалакша, бул. Щетинкина, д. 134 стр. 77, 049817",+7 085 419 42 38,4
735,Флорентин,"д. Можга, ул. Индустриальная, д. 24 к. 2, 173644",8 311 506 81 27,4
736,Наум,"клх Щелково, наб. Дальняя, д. 2/6 стр. 125, 914152",+7 242 043 0070,2
737,Ульяна,"п. Ишим, бул. Ушакова, д. 8, 807411",8 678 356 14 65,2
738,Еремей,"клх Асбест, ш. Гастелло, д. 4, 105921",8 383 348 54 87,3
739,Феоктист,"г. Киржач, пр. Герцена, д. 834 к. 29, 592057",+7 205 843 86 43,3
740,Ростислав,"с. Енисейск, ул. Высоковольтная, д. 7 стр. 66, 241036",+7 930 427 6608,4
741,Борислав,"г. Торжок, пер. Войкова, д. 5/8 стр. 9/2, 341129",+7 709 302 9128,1
742,Прасковья,"д. Астрахань, алл. Щорса, д. 710 стр. 600, 256584",+7 487 604 8862,2
743,Герман,"с. Фатеж, наб. Садовая, д. 64, 529653",+7 663 848 76 58,3
744,Ольга,"к. Каргасок, алл. Алтайская, д. 3/1 к. 62, 380079",8 725 707 9705,1
745,Ратибор,"клх Вытегра, ш. Дружбы, д. 484 к. 8/8, 472327",+7 (884) 554-60-91,5
746,Элеонора,"к. Юрюзань, ш. Строительное, д. 5 к. 1, 383501",8 469 656 6806,5
747,Остромир,"клх Асбест, пер. 8 Марта, д. 624 стр. 7/9, 362844",8 (152) 148-43-60,4
748,Олег,"п. Наро-Фоминск, бул. Южный, д. 98, 066129",8 690 076 8232,1
749,Афиноген,"ст. Сибай, пер. Макарова, д. 3/2 стр. 194, 595045",+7 126 362 36 18,4
750,Никифор,"клх Томари, пер. Ленинградский, д. 35, 868806",+72612781587,3
751,Пимен,"г. Кропоткин (Краснод.), ул. Уральская, д. 486 стр. 2, 693845",8 013 845 2572,3
752,Агафон,"к. Псков, бул. Советской Армии, д. 80 к. 830, 138220",+7 258 722 5470,2
753,Фирс,"г. Рубцовск, наб. Сенная, д. 4 к. 34, 448348",8 098 610 03 47,5
754,Василий,"к. Назрань, пер. Жданова, д. 1 стр. 4, 190047",8 994 932 89 05,3
755,Борислав,"клх Буйнакск, ш. Нефтяников, д. 5 стр. 484, 990514",+7 139 920 67 87,5
756,Никифор,"к. Токма, алл. Строителей, д. 158 к. 7, 607307",8 (700) 855-5171,5
757,Ермил,"п. Ельня, бул. Каштановый, д. 46, 380728",+74884150004,5
758,Изяслав,"клх Кизел, ул. Воровского, д. 6 к. 1, 356653",8 045 146 46 22,4
759,Тихон,"клх Глазов, алл. 70 лет Октября, д. 8 стр. 2/9, 809287",+7 (226) 533-07-55,1
760,Артем,"д. Камышлов, пер. 40 лет Октября, д. 4/3 к. 6/7, 858429",8 (565) 104-3788,2
761,Евстигней,"п. Холмогоры, бул. Пригородный, д. 584 стр. 2, 729763",8 749 626 67 21,2
762,Измаил,"ст. Белорецк, наб. Орловская, д. 3/3 стр. 6/3, 138568",8 (132) 245-3001,2
763,Владлен,"к. Рубцовск, наб. Суворова, д. 31 к. 71, 460891",+7 (809) 858-7445,4
764,Антонин,"д. Фатеж, наб. Максима Горького, д. 94 к. 410, 772988",+7 083 919 7164,4
765,Лучезар,"клх Игнашино, алл. Ветеранов, д. 4 стр. 5/8, 197250",+7 (135) 126-8905,4
766,Фотий,"к. Кировск (Ленин.), алл. Иванова, д. 9/7 стр. 5, 077918",+7 (185) 808-01-24,1
767,Семен,"клх Хужир, ул. Коммунаров, д. 1/7 к. 8/8, 547267",+7 708 051 9747,2
768,Леонтий,"к. Нижневартовск, бул. Космодемьянской, д. 948, 501866",8 (245) 918-62-36,3
769,Аскольд,"ст. Балашов, бул. Светлый, д. 6 к. 7, 961434",+7 (236) 380-44-89,1
770,Афанасий,"клх Александров Гай, пр. Николаева, д. 3/7 к. 92, 402782",+7 328 133 6442,3
771,Капитон,"п. Сосногорск, пр. Лермонтова, д. 6/4, 684763",+7 845 889 66 41,3
772,Стоян,"с. Сарапул, ул. Гражданская, д. 916, 241052",8 (413) 577-26-57,1
773,Феоктист,"д. Красная Поляна, ул. Восточная, д. 92 к. 135, 234185",+7 818 046 9740,3
774,Зосима,"д. Магас, бул. Союзный, д. 22, 646447",+7 (422) 744-35-85,3
775,Феликс,"г. Когалым, наб. Тенистая, д. 2, 733206",+7 (339) 792-0950,5
776,Матвей,"клх Невьянск, бул. Марта 8, д. 590 стр. 6/3, 215765",+7 858 417 47 76,5
777,Изяслав,"к. Минусинск, ш. Маяковского, д. 6/5 стр. 26, 722414",84385069676,1
778,Мстислав,"с. Мурманск, ш. Тихое, д. 5, 109244",8 157 930 22 18,3
779,Радован,"г. Кемерово, пер. Тельмана, д. 5 к. 5/4, 250257",+7 124 352 8251,2
780,Пимен,"с. Бузулук, пер. Герцена, д. 672, 045970",+7 949 687 7535,4
781,Виталий,"ст. Асино, наб. Никитина, д. 80 к. 379, 000848",85342032818,3
782,Измаил,"клх Троицк (Челяб.), алл. Восточная, д. 7/7 к. 4, 511480",8 006 590 56 74,2
783,Радован,"д. Тавда, пер. Пионерский, д. 534 к. 589, 341923",+73474811741,3
784,Ираклий,"ст. Плес, бул. 60 лет СССР, д. 129 стр. 72, 405262",8 041 417 9796,3
785,Симон,"к. Пушкино (Моск.), наб. Грибоедова, д. 6 стр. 77, 122694",+7 774 677 6826,2
786,Болеслав,"г. Волхов, наб. Малая, д. 654 к. 1, 086533",8 272 612 8450,2
787,Ермил,"д. Лесной (Сверд.), ул. Иванова, д. 242 стр. 69, 422009",+7 289 385 9518,3
788,Ульяна,"д. Южно-Курильск, алл. Шоссейная, д. 1 к. 1, 871961",+7 (544) 765-0009,4
789,Василиса,"с. Усть-Калманка, наб. Заливная, д. 70 к. 23, 663208",89275385730,5
790,Моисей,"с. Волгодонск, алл. Сурикова, д. 3/2, 128523",8 056 194 41 60,1
791,Агап,"с. Сухиничи, наб. Победы, д. 92, 139738",+7 (200) 452-63-68,2
792,Велимир,"клх Усть-Калманка, алл. Целинная, д. 7 стр. 6, 394979",8 671 824 3773,3
793,Никодим,"с. Лесной (Сверд.), бул. Владимирский, д. 98 стр. 18, 944684",88468010164,1
794,Конон,"с. Ейск, ул. Черняховского, д. 37 к. 291, 183777",8 (490) 651-3850,2
795,Любомир,"д. Тулун, пер. Пархоменко, д. 56, 324360",89399010934,4
796,Олег,"г. Биробиджан, пр. Морской, д. 97, 507897",+7 060 383 4678,5
797,Елизар,"г. Асбест, алл. Карла Маркса, д. 909, 330372",+7 (185) 920-7559,1
798,Павел,"к. Ижевск, ш. Надежды, д. 77 к. 6, 436505",8 343 889 1901,4
799,Алевтина,"ст. Лянтор, пер. Пионерский, д. 9 к. 2/7, 815375",+7 655 290 7670,5
800,Викторин,"клх Павловская, пр. Дзержинского, д. 1, 562099",8 (388) 494-6248,5
801,Октябрина,"к. Соль-Илецк, ш. Прудное, д. 785 к. 9, 739653",+7 950 763 3431,4
802,Азарий,"к. Ишим, бул. Лазурный, д. 55, 723874",+7 (178) 264-96-38,4
803,Марк,"клх Каменномостский, ш. Пожарского, д. 963, 747107",+7 (908) 659-78-15,4
804,Наина,"к. Александровск-Сахалинский, пр. Крупской, д. 700, 082740",+7 079 064 6513,3
805,Осип,"к. Железногорск(Курск.), пр. Овражный, д. 843 стр. 774, 515738",8 (637) 183-3171,5
806,Спартак,"п. Корсаков, алл. Каштановая, д. 52, 789117",+79685275918,4
807,Боян,"д. Терскол, пер. Пархоменко, д. 5, 680954",8 000 658 41 87,2
808,Виктор,"клх Оймякон, пр. Парковый, д. 7 к. 345, 036682",8 738 684 9696,5
809,Станимир,"ст. Новгород Великий, наб. Мелиораторов, д. 9, 025364",8 597 063 0931,4
810,Артемий,"д. Когалым, пер. Городской, д. 77, 755498",+7 (761) 096-2644,4
811,Филипп,"г. Горячинск, ул. Невского, д. 122, 095220",+7 315 675 5850,1
812,Венедикт,"д. Бодайбо, ш. Безымянное, д. 25 стр. 8, 516331",+7 (045) 525-93-61,5
813,Фаина,"с. Североуральск, ул. Горняцкая, д. 1/1 стр. 3/8, 738104",+7 (341) 933-70-65,2
814,Ипатий,"клх Александровск-Сахалинский, наб. Надежды, д. 76 стр. 33, 411401",81124569129,5
815,Влас,"д. Неплюевка, ш. Энгельса, д. 8/1, 766133",8 449 839 2639,3
816,Устин,"ст. Амдерма, ш. Клубное, д. 35, 004508",85673345782,4
817,Макар,"к. Челябинск, ул. Плеханова, д. 6, 644843",8 923 666 33 13,4
818,Софон,"ст. Верещагино (Перм.), наб. Инженерная, д. 902 стр. 387, 785036",8 542 844 05 90,2
819,Харлампий,"г. Обнинск, наб. Физкультурная, д. 62 к. 7/5, 511257",+7 (675) 450-95-38,3
820,Боян,"клх Лысьва, ул. Петровская, д. 939 стр. 939, 608148",+7 (668) 865-8984,2
821,Прохор,"ст. Элиста, ш. Буденного, д. 89, 132907",8 (297) 828-4821,5
822,Эдуард,"д. Новый Уренгой, бул. Коллективный, д. 1/3, 721318",+7 468 122 0111,3
823,Авдей,"клх Новая Игирма, ш. Садовое, д. 4/4 к. 589, 820108",87849804446,4
824,Милан,"клх Шахты, пер. Энергетический, д. 7 стр. 7, 274289",8 153 916 3344,3
825,Лука,"д. Шелехов, бул. Орловский, д. 8 к. 757, 645427",+72829497763,3
826,Пров,"ст. Ишим, пр. Полтавский, д. 406 стр. 4, 603465",84381811112,1
827,Родион,"с. Череповец, пер. Комарова, д. 79, 728997",+7 (463) 354-67-72,4
828,Людмила,"клх Оленегорск (Якут.), пр. Депутатский, д. 9/2 стр. 18, 879992",8 (645) 079-9086,2
829,Александра,"г. Яр-Сале, наб. Мусы Джалиля, д. 13 к. 38, 228255",+7 (038) 881-42-15,1
830,Савелий,"клх Инта, алл. Серова, д. 8 к. 1, 884297",8 (296) 460-19-53,2
831,Пантелеймон,"к. Красная Поляна, алл. Приозерная, д. 6/4 стр. 47, 518333",+7 (514) 128-24-24,1
832,Светозар,"с. Листвянка (Иркут.), бул. Краснознаменный, д. 8/7 стр. 88, 430785",+74662148943,1
833,Станислав,"д. Яшкуль, бул. Заводской, д. 9 к. 357, 059146",8 (166) 596-36-59,4
834,Нинель,"п. Балашов, бул. Высоковольтный, д. 4/5, 052933",8 112 095 9275,5
835,Осип,"д. Усть-Калманка, бул. Гайдара, д. 6 к. 3, 759765",+71473766559,3
836,Дорофей,"д. Усинск, пер. Свердлова, д. 7 стр. 5/7, 550958",+7 472 671 1277,3
837,Виссарион,"г. Анива, ш. Разина, д. 4 к. 3/3, 704336",+7 809 218 2151,3
838,Лавр,"п. Буйнакск, наб. Победа, д. 9/9, 645028",8 (776) 358-15-00,5
839,София,"к. Змеиногорск, пр. 50 лет ВЛКСМ, д. 24, 879299",+7 501 558 6136,2
840,Викторин,"с. Кабанск, ш. Лазо, д. 73 стр. 3/1, 312577",86940641127,4
841,Силантий,"п. Мончегорск, пер. Сенной, д. 3/1 к. 6/9, 974157",8 (710) 957-84-20,1
842,Спартак,"с. Котлас, бул. Короленко, д. 6/1 стр. 26, 454984",8 482 377 10 90,3
843,Прасковья,"д. Новомосковск, наб. Станиславского, д. 77, 468211",+76976703848,2
844,Владилен,"д. Лотошино, ш. Чапаева, д. 22 к. 4, 653307",+7 158 736 39 84,4
845,Никандр,"ст. Юрюзань, пер. Курортный, д. 4/4 стр. 7, 993078",+7 (254) 956-3899,5
846,Пахом,"с. Каргасок, ул. Пугачева, д. 751 стр. 4/7, 765176",+7 (634) 034-3634,2
847,Фока,"д. Кош-Агач, ул. Кавказская, д. 3, 246697",8 (323) 731-25-59,3
848,Симон,"п. Надым, пр. Маркса, д. 689, 309664",8 842 871 95 03,1
849,Гостомысл,"к. Батайск, ул. Западная, д. 87, 070445",+7 (447) 768-23-23,3
850,Максимильян,"п. Оха, ш. Серафимовича, д. 884, 852663",8 125 311 99 02,5
851,Никон,"с. Адыгейск, наб. 60 лет Октября, д. 7 стр. 8, 612588",+7 (278) 269-58-25,1
852,Фотий,"ст. Гдов, бул. Целинный, д. 5/7, 841439",8 (020) 182-61-15,3
853,Эдуард,"клх Павловская, пр. Халтурина, д. 8/6 стр. 729, 561881",+7 834 808 9226,5
854,Пелагея,"ст. Гаврилов-Ям, наб. Леваневского, д. 1 стр. 887, 397218",8 596 618 2995,2
855,Анна,"ст. Старая Русса, пр. Степной, д. 558 стр. 7/7, 829162",+7 (069) 276-1941,2
856,Владимир,"п. Онега, алл. 1 Мая, д. 7/5, 443907",83261978823,3
857,Ксения,"п. Тырныауз, ш. Саратовское, д. 8 к. 1/1, 270564",8 (117) 881-50-77,3
858,Любосмысл,"к. Ишим, алл. Репина, д. 21, 572122",+7 901 012 2372,2
859,Аверкий,"к. Курск, ул. Маркса Карла, д. 967 стр. 354, 037738",+7 (237) 456-0426,3
860,Давыд,"д. Чехов, пер. Никитина, д. 496 к. 49, 987854",82834163752,5
861,Григорий,"д. Урюпинск, бул. Короленко, д. 4 к. 9/2, 020929",+7 (268) 358-3400,5
862,Антонина,"клх Киров (Вятка), ш. Азина, д. 330 стр. 17, 938809",8 519 950 16 24,5
863,Евдоким,"д. Сызрань, ул. Мая 1, д. 7, 746202",+7 405 872 90 24,3
864,Валентин,"п. Ухта, бул. Тракторный, д. 902 стр. 12, 040590",+7 (351) 907-46-93,5
865,Парамон,"клх Камень-на-Оби, ул. Химиков, д. 811 стр. 4/8, 563167",8 (208) 805-32-52,1
866,Светлана,"д. Лысьва, бул. Мичурина, д. 1/4, 738689",82917273359,1
867,Евдоким,"д. Ирбит, ул. 70 лет Октября, д. 9, 645255",+7 396 213 2182,5
868,Лора,"г. Невинномысск, бул. Есенина, д. 3/6 стр. 47, 171565",+76007007682,2
869,Юлия,"ст. Красновишерск, пр. Дорожный, д. 440 к. 45, 342529",+7 (907) 724-68-46,1
870,Фаина,"ст. Кяхта, ул. М.Горького, д. 44, 153469",+75722916662,3
871,Татьяна,"д. Юрьевец (Иван.), ш. Кубанское, д. 722 стр. 9/5, 033252",81457524887,1
872,Орест,"клх Забайкальск, наб. Локомотивная, д. 4/6 стр. 73, 781713",8 (384) 925-24-21,1
873,Оксана,"п. Диксон, пр. Мирный, д. 61 к. 5/1, 428245",+72891365380,4
874,Нифонт,"ст. Талдом, пер. Угольный, д. 2/5 стр. 3/2, 666565",80822724277,1
875,Тит,"к. Руза, пр. Морозова, д. 534 стр. 1/3, 029680",88859520684,5
876,Алевтина,"ст. Павловский Посад, ул. Шевченко, д. 799 к. 612, 968607",+79595726430,1
877,Вячеслав,"д. Кандалакша, ул. Октябрьская, д. 30, 050476",8 868 733 3360,5
878,Лукия,"ст. Семлячики, бул. Брянский, д. 5/1 к. 57, 437711",+7 (752) 894-5907,2
879,Афиноген,"к. Кировск (Мурм.), пер. Энергетиков, д. 760 к. 6, 379975",8 488 441 7232,5
880,Агафон,"д. Шатой, пер. Пограничный, д. 57, 314483",+7 105 632 3530,3
881,Харитон,"клх Южно-Сахалинск, бул. Советский, д. 622 стр. 8/2, 181414",8 802 657 54 31,4
882,Аполлон,"с. Королев, пер. Детский, д. 7/4 стр. 301, 687098",+71797978548,4
883,Аверьян,"п. Кизилюрт, ш. Центральное, д. 6 к. 593, 115256",+7 (896) 436-77-41,3
884,Трифон,"п. Пушкино (Моск.), пер. Зои Космодемьянской, д. 5/8 стр. 65, 490009",8 (258) 127-36-77,1
885,Бажен,"ст. Лабытнанги, бул. Поселковый, д. 26, 654984",+78116385316,5
886,Милан,"д. Алексин, алл. Тополиная, д. 28, 581306",+7 (932) 092-34-41,5
887,Ярополк,"к. Минусинск, наб. Толстого, д. 8 стр. 5, 397469",8 (214) 449-8671,4
888,Терентий,"к. Ноябрьск, алл. Бульварная, д. 288 стр. 6, 626842",+7 (787) 870-9711,4
889,Болеслав,"ст. Жуковский, ш. Мичурина, д. 7/4 стр. 1, 014820",+7 054 293 9001,4
890,Анна,"д. Билибино, пер. Луначарского, д. 7 к. 2/3, 894161",8 949 384 79 54,5
891,Аскольд,"д. Усть-Илимск, ул. Пожарского, д. 129, 026898",+7 (813) 062-3312,5
892,Анна,"д. Мокшан, ул. Вишневая, д. 2/1 к. 6/7, 878847",+7 365 270 11 95,3
893,Юлиан,"ст. Тулун, пер. Краснофлотский, д. 70 стр. 6, 792908",+7 (477) 654-25-53,1
894,Гедеон,"д. Ребриха, ш. Восточное, д. 737, 053680",+7 (375) 521-7976,2
895,Клавдия,"п. Шилка, наб. Воронежская, д. 45, 275860",+7 653 665 8009,3
896,Адриан,"к. Токсово, алл. Центральная, д. 523 стр. 44, 472280",8 194 361 05 15,4
897,Велимир,"клх Зарайск, пер. Баумана, д. 74 стр. 7/4, 957321",+7 (907) 630-6520,2
898,Антип,"ст. Усть-Джегута, пер. Микрорайон, д. 6/9, 040914",+7 (052) 042-00-61,5
899,Гедеон,"п. Уренгой, наб. Ленинская, д. 5 к. 1/4, 981160",+7 320 253 88 88,3
900,Харитон,"ст. Тимашевск, ул. Партизанская, д. 4 к. 890, 851597",+7 399 919 2511,3
901,Гурий,"ст. Кунгур, ш. Свободы, д. 3/7, 892520",+7 (919) 715-0562,1
902,Дорофей,"д. Красная Поляна, бул. Моховой, д. 40 к. 2, 689717",88771880854,2
903,Евстигней,"с. Кропоткин (Краснод.), пер. З.Космодемьянской, д. 2/6 к. 58, 808273",+7 013 875 31 47,4
904,Лора,"п. Аршан (Бурят.), алл. Космическая, д. 334 к. 77, 842296",8 105 556 28 38,5
905,Якуб,"ст. Внуково (метеост.), наб. Азовская, д. 914 к. 4, 150466",+7 (323) 958-4281,5
906,Юлия,"д. Змеиногорск, ул. Карбышева, д. 3, 118974",8 681 914 6032,1
907,Варвара,"с. Шали, ул. Звездная, д. 6 к. 393, 727925",+7 (868) 845-8356,4
908,Фёкла,"ст. Смирных, алл. Парковая, д. 62, 238551",+7 138 076 7783,3
909,Милий,"клх Юрюзань, ш. ДОС, д. 98, 895481",89334057286,1
910,Ефрем,"клх Сковородино, алл. Республиканская, д. 860 стр. 61, 224645",+7 164 588 7801,5
911,Леонтий,"д. Морозовск, пр. Чернышевского, д. 8/5 к. 974, 012459",+7 (273) 628-80-38,4
912,Онуфрий,"г. Братск, алл. Челюскинцев, д. 578 к. 7, 579180",+7 679 139 4763,3
913,Юлия,"клх Меренга, бул. Макаренко, д. 37 к. 1, 387983",8 132 222 60 66,1
914,Григорий,"ст. Волгодонск, бул. Ветеранов, д. 63 к. 1/6, 933744",+7 376 106 51 45,3
915,Таисия,"г. Нижний Новгород, пер. Ударный, д. 4/2 стр. 302, 620381",+7 (855) 931-10-86,1
916,Сигизмунд,"с. Волхов, пр. Надежды, д. 4/5, 185360",8 (387) 726-77-32,5
917,Алина,"к. Шилка, ш. Свободное, д. 1, 394249",8 981 487 0328,5
918,Владимир,"ст. Агата, пр. Иванова, д. 9/9, 040994",89409801477,4
919,Майя,"к. Владивосток, пер. Рябиновый, д. 7, 532309",+72391973186,4
920,Осип,"п. Черкесск, пр. Краснодарский, д. 50 к. 61, 014660",84788483491,2
921,Виктор,"клх Междуреченский, ш. Нагорное, д. 8 к. 9, 582935",+76527571067,3
922,Бажен,"с. Новгород Великий, пер. Белинского, д. 4/4 стр. 693, 110244",+7 461 047 40 85,4
923,Аскольд,"с. Салехард, наб. Красногвардейская, д. 8/4 к. 151, 507298",8 360 597 1299,3
924,Милий,"д. Лотошино, алл. Тургенева, д. 241 к. 5, 605843",+7 486 821 6295,2
925,Афанасий,"ст. Тавда, пер. Морозова, д. 2 к. 929, 883631",+77431051906,2
926,Пров,"д. Горно-Алтайск, пер. 60 лет Октября, д. 5 к. 18, 133363",83128730220,2
927,Егор,"с. Набережные Челны, пер. Весенний, д. 957 к. 3, 251179",+7 (399) 103-83-11,2
928,Эдуард,"ст. Нефтегорск (Самар.), пр. Литейный, д. 118 к. 744, 827384",+7 995 460 53 47,3
929,Радислав,"с. Борзя, ул. Победа, д. 8/7, 708160",8 942 887 73 32,5
930,Афанасий,"ст. Биробиджан, бул. Заводской, д. 715 стр. 2, 502893",8 939 640 6261,5
931,Георгий,"д. Красноселькуп, бул. Партизанский, д. 8/9 стр. 5/1, 588887",8 (714) 407-14-01,5
932,Поликарп,"г. Ульяновск, наб. Куйбышева, д. 8/2 к. 51, 337978",8 (931) 052-7776,5
933,Ксения,"п. Нефтекамск, ш. Покровское, д. 267, 093296",8 635 947 01 25,1
934,Евгения,"клх Черемхово, алл. Пожарского, д. 54, 586849",+7 772 089 9244,3
935,Евпраксия,"ст. Смирных, алл. Короткая, д. 151 к. 122, 878997",8 479 927 33 29,1
936,Андрон,"к. Верхнее Пенжино, пр. Республиканский, д. 2/8 к. 39, 797258",+7 (656) 522-98-74,4
937,Евдоким,"д. Кедровый, пр. Высоковольтный, д. 6 стр. 65, 247395",8 116 476 20 64,4
938,Ипатий,"п. Саров (Морд.), наб. Серова, д. 3/7 стр. 5/2, 947178",+7 (714) 721-6244,2
939,Станислав,"к. Астрахань, пер. Водопроводный, д. 94, 147951",8 (611) 159-0516,4
940,Эрнест,"г. Серпухов, наб. Тополиная, д. 4 стр. 91, 944314",+7 490 181 08 82,5
941,Наталья,"ст. Диксон, ш. Вольное, д. 15 к. 8, 555035",+7 (625) 847-5913,4
942,Эрнст,"ст. Калевала, ул. Тельмана, д. 23 к. 529, 834094",8 (971) 208-0163,2
943,Максимильян,"д. Владикавказ, пр. Энгельса, д. 5, 525690",8 534 352 40 31,4
944,Будимир,"к. Меренга, алл. Покровская, д. 8/3 стр. 4/3, 150412",+7 546 350 9452,4
945,Милий,"клх Минусинск, пер. Иркутский, д. 54 стр. 1, 132464",8 (970) 350-51-30,2
946,Валентин,"п. Верхнее Пенжино, ш. Клубное, д. 67 к. 1, 072947",+70574290031,3
947,Юлиан,"п. Иваново, ул. Промышленная, д. 7, 199064",+7 (124) 576-7480,2
948,Лукия,"с. Вуктыл, ш. Ставропольское, д. 203 стр. 5/2, 327944",8 247 653 11 82,5
949,Платон,"с. Фатеж, наб. Чапаева, д. 221 стр. 6/6, 550771",85403293670,5
950,Аскольд,"клх Гудермес, бул. Республиканский, д. 8 стр. 2/5, 217636",+74038270729,5
951,Гостомысл,"д. Благовещенск (Амур.), пер. Ульяновский, д. 8 стр. 9, 101691",8 (533) 549-7579,1
952,Олег,"д. Макаров, ул. Жданова, д. 3/4 к. 5, 220223",8 (234) 993-41-49,3
953,Наркис,"г. Приморско-Ахтарск, наб. Кооперативная, д. 24 к. 2, 515695",+7 (826) 230-15-97,2
954,Демьян,"п. Мценск, пр. Ломоносова, д. 7/4 стр. 160, 763294",8 (178) 273-77-12,4
955,Кира,"г. Кузнецк, алл. Павлова, д. 41, 258884",8 (649) 836-0643,4
956,Мстислав,"п. Краснокамск, бул. Высоковольтный, д. 574, 354083",+7 810 645 71 57,4
957,Наркис,"д. Абинск, пр. Фурманова, д. 67 к. 5, 832110",+70202497033,2
958,Бронислав,"д. Махачкала, бул. Урицкого, д. 89, 858264",8 033 778 83 58,2
959,Тит,"к. Ачинск, наб. Строительная, д. 14 стр. 735, 142252",+7 262 541 2234,5
960,Владислав,"к. Армавир, ул. Короленко, д. 254, 940234",+75265308211,5
961,Тамара,"клх Сусуман, бул. Льва Толстого, д. 3/2, 533069",88449977901,5
962,Фрол,"ст. Луховицы, бул. Комарова, д. 1 к. 6, 334791",8 (313) 715-42-11,5
963,Нина,"п. Нефтеюганск, наб. Плеханова, д. 528 стр. 5/1, 326409",+7 (978) 097-45-71,1
964,Алексей,"д. Кандалакша, ш. Курское, д. 1/7 к. 6/1, 786083",+7 073 348 39 51,1
965,Павел,"клх Пенза, пер. Фрунзе, д. 50 к. 7, 811401",8 (727) 535-3969,5
966,Максимильян,"с. Тверь, ш. Юности, д. 807 к. 187, 986694",+7 (413) 818-2070,1
967,Амвросий,"д. Комсомольск-на-Амуре, алл. Торговая, д. 3/9, 476038",8 109 122 57 66,3
968,Анастасия,"д. Тарко-Сале, алл. Ломоносова, д. 84 к. 1/4, 454622",8 (512) 014-7813,3
969,Константин,"п. Солнечногорск, пр. Коминтерна, д. 3 к. 3, 849318",86227053720,4
970,Ефрем,"ст. Инта, ул. Огородная, д. 7/9, 698097",82620727302,2
971,Ратмир,"ст. Саянск, пер. Крупской, д. 758 стр. 9/6, 532898",+71467629138,3
972,Федосий,"к. Тымовское, алл. Курортная, д. 697 стр. 167, 254906",86874482024,2
973,Артемий,"клх Канск, пер. Лазо, д. 938, 286054",87147972010,3
974,Евсей,"д. Арзамас, пр. Магистральный, д. 7 стр. 9/7, 924937",8 (908) 507-9405,4
975,Фотий,"с. Нальчик, ш. Саратовское, д. 79 к. 3/9, 543267",8 (563) 689-03-68,1
976,Аким,"клх Кисловодск, бул. Лесхозный, д. 9 стр. 9, 798005",8 (477) 218-2997,1
977,Никанор,"г. Джейрах, бул. Азовский, д. 5/4 стр. 114, 887194",8 657 578 20 86,4
978,Никифор,"ст. Челябинск, ул. Безымянная, д. 283 стр. 89, 729882",8 (371) 430-32-04,5
979,Мартьян,"ст. Химки, ш. Горное, д. 394 к. 9/5, 766664",8 785 567 70 90,2
980,Захар,"к. Петропавловск-Камчатский, пр. Отрадный, д. 240, 263391",+7 (960) 017-62-11,4
981,Парфен,"клх Эльбрус, ш. Кутузова, д. 90 к. 45, 030284",8 (443) 221-7183,5
982,Наина,"с. Каменск-Уральский, наб. Чайкиной, д. 110 к. 4, 308148",81385351987,3
983,Добромысл,"д. Егорьевск, пр. Рябиновый, д. 26 стр. 6/8, 288367",+7 (321) 963-86-06,1
984,Ратибор,"п. Дербент, пер. Базарный, д. 4 стр. 4, 554978",+70492631014,3
985,Анжела,"г. Мичуринск, бул. Шолохова, д. 3/1 стр. 94, 834295",8 321 196 57 28,4
986,Екатерина,"д. Ставрополь, ш. Черняховского, д. 97 к. 8/1, 843205",+7 363 975 1908,1
987,Станимир,"с. Кузнецк, бул. Троицкий, д. 4, 708544",8 007 105 9690,1
988,Стоян,"д. Усть-Ишим, пр. Бригадный, д. 88 к. 17, 485848",8 243 637 0111,2
989,Спиридон,"ст. Кировск (Мурм.), пер. Красных Партизан, д. 90 к. 69, 984861",83045735908,5
990,Лариса,"г. Баксан, ш. Вокзальное, д. 4 стр. 5/2, 166223",+7 463 736 49 54,2
991,Анна,"к. Находка, пер. Гоголя, д. 96, 751875",+7 876 313 83 24,1
992,Марина,"к. Тотьма, пр. Набережный, д. 1, 387886",+7 985 093 86 42,3
993,Серафим,"клх Магадан, ш. ДОС, д. 37, 710358",8 (733) 048-93-06,3
994,Клавдий,"д. Тихвин, ул. Клары Цеткин, д. 419 стр. 58, 046768",+7 (399) 397-4283,5
995,Эмилия,"п. Якутск, алл. Снежная, д. 6/4 стр. 526, 613260",+7 (463) 001-02-38,3
996,Терентий,"ст. Славгород, бул. Победы, д. 4/4 стр. 499, 298798",8 133 843 95 84,4
997,Иван,"п. Каневская, пр. Пирогова, д. 11, 458606",+7 (886) 221-8051,4
998,Лавр,"к. Камышлов, бул. Песочный, д. 196, 830516",8 964 498 1452,1
999,Захар,"ст. Томск, пр. Свободы, д. 75 к. 4, 854396",8 979 521 45 23,2
1000,Сидор,"клх Волгодонск, алл. 9 мая, д. 77 стр. 95, 312723",8 (047) 520-25-15,4
